s,工作项名称,前置工作项,责任人,执行人,工作项状态,计划开始时间,计划完成时间,计划工期,备注,实际开始时间,实际完成时间,实际工期
,项目收款,,彭高红,彭高红,进行中,2025-12-05,2026-05-20,167,,,,
0,  合同条款（项目收款）,,彭高红,彭高红,进行中,2025-12-05,2026-05-20,167,,,,
0.1,    预付款,,孙才才,孙才才,逾期,2025-12-05,2026-05-20,167,,,,
0.2,    到货款,,,,逾期,,,,,,,
0.3,    进度款,,彭高红,彭高红,进行中,2025-12-05,2026-05-20,167,,,,
0.3.1,      新子任务,0.3,彭高红,彭高红,逾期,2025-12-05,2026-01-20,47,,,,
0.3.2,      新子任务,0.3,彭高红,彭高红,逾期,2026-01-20,2026-02-20,32,,,,
0.3.3,      新子任务,0.3,彭高红,彭高红,逾期,2026-02-20,2026-03-20,29,,,,
0.3.4,      新子任务,0.3,彭高红,彭高红,逾期,2026-03-20,2026-04-20,32,,,,
0.4,    初验款,,彭高红,彭高红,逾期,2026-04-20,2026-05-20,31,,,,
0.5,    终验款,,彭高红,彭高红,逾期,2025-12-05,2026-05-20,167,,,,
0.6,    质保款,,,,逾期,,,,,,,
,启动阶段,,彭高红,彭高红,已完成,2025-12-01,2025-12-05,5,,,,
1,  项目启动,,彭高红,彭高红,已完成,2025-12-01,2025-12-05,5,,,,
1.1,    项目启动,,彭高红,彭高红,逾期完成,2025-12-01,2025-12-05,5,,,2025-12-09,
1.2,    项目情况基准摸底,,彭高红,彭高红,逾期完成,2025-12-01,2025-12-05,5,,,2025-12-09,
1.3,    召开项目启动会,,彭高红,彭高红,逾期完成,2025-12-01,2025-12-05,5,,,2025-12-09,
,准备阶段,,彭高红,彭高红,进行中,2025-12-05,2025-12-31,27,,,,
2,  交付准备,,彭高红,彭高红,逾期,2025-12-05,2025-12-10,6,,,,
2.1,    合同签订,,彭高红,彭高红,逾期,2025-12-05,2025-12-10,6,,,,
2.2,    外部启动会召开,,彭高红,彭高红,逾期,2025-12-05,2025-12-10,6,,,,
2.2.1,      甲方会前方案对接,,彭高红,彭高红,逾期,2025-12-05,2025-12-10,6,,,,
2.2.2,      业务（实际使用方）单位会前方案对接,,彭高红,彭高红,逾期,2025-12-05,2025-12-10,6,,,,
3,  深化设计,,张同永,杨智,逾期,2025-12-05,2025-12-10,6,,,,
3.1,    深化工作评估,,张同永,杨智,逾期,2025-12-05,2025-12-10,6,,,,
3.2,    深化方案设计,,张同永,杨智,逾期,2025-12-05,2025-12-10,6,,,,
3.3,    自制产品深化,,穆晓亮,杨智,逾期,2025-12-05,2025-12-10,6,,,,
3.4,    深化清单编制及下单(含计划员下单)（深化）,,张同永,郑富兰,逾期,2025-12-05,2025-12-10,6,,,,
3.4.1,      重庆江北国际机场T3B 航站楼及第四跑道工程T3A 航站楼联检设施改造工程,,张同永,郑富兰,逾期,2025-12-05,2025-12-10,6,,,,
3.4.1.1,        电气工程,,张同永,郑富兰,逾期,2025-12-05,2025-12-10,6,,,,
3.4.1.1.1,          配电箱2-3nALEuL3e301 1.00 台,,张同永,郑富兰,逾期,2025-12-05,2025-12-10,6, ,,,
3.4.1.1.2,          配电箱2-3nALEuL3e302 1.00 台,,张同永,郑富兰,逾期,2025-12-05,2025-12-10,6, ,,,
3.4.1.1.3,          配电箱2-3nALEuL3e301.1 1.00 台,,张同永,郑富兰,逾期,2025-12-05,2025-12-10,6, ,,,
3.4.1.1.4,          金属线槽200x50 315.26 m,,张同永,郑富兰,逾期,2025-12-05,2025-12-10,6,,,,
3.4.1.1.4.1,            热镀锌桥架（315 米）,,,杨智,逾期,,,,,,,
3.4.1.1.5,          支架制作安装 764.00 kg,,张同永,郑富兰,逾期,2025-12-05,2025-12-10,6, ,,,
3.4.1.1.6,          配管SC80 100.00 m,,张同永,郑富兰,逾期,2025-12-05,2025-12-10,6,,,,
3.4.1.1.6.1,            金属圆管（100 米）,,,杨智,逾期,,,,,,,
3.4.1.1.7,          配管SC40 169.35 m,,张同永,郑富兰,逾期,2025-12-05,2025-12-10,6,,,,
3.4.1.1.7.1,            金属圆管（170 米）,,,杨智,逾期,,,,,,,
3.4.1.1.8,          配管SC20 862.40 m,,张同永,郑富兰,逾期,2025-12-05,2025-12-10,6,,,,
3.4.1.1.8.1,            镀锌钢管（862 米）,,,杨智,逾期,,,,,,,
3.4.1.1.9,          配管JDG20 73.43 m,,张同永,郑富兰,逾期,2025-12-05,2025-12-10,6,,,,
3.4.1.1.9.1,            金属镀锌穿线管（73 米）,,,杨智,逾期,,,,,,,
3.4.1.1.10,          配管JDG25 36.30 m,,张同永,郑富兰,逾期,2025-12-05,2025-12-10,6,,,,
3.4.1.1.10.1,            金属镀锌穿线管（36 米）,,,杨智,逾期,,,,,,,
3.4.1.1.11,          送配电装置系统调试1KV 4.00 系统,,张同永,郑富兰,逾期,2025-12-05,2025-12-10,6, ,,,
3.4.1.1.12,          电力电缆WDZB1-YJY-0.6/1KV-4x95+1x50mm2 400.00 m,,张同永,郑富兰,逾期,2025-12-05,2025-12-10,6,甲方品牌库：重庆泰山电缆有限公司、重庆鸽牌电线电缆有限公司、渝丰科技股份有限公司,,,
3.4.1.1.13,          电力电缆WDZB1-YJY-0.6/1KV-5*10mm2 20.00 m,,张同永,郑富兰,逾期,2025-12-05,2025-12-10,6,甲方品牌库：重庆泰山电缆有限公司、重庆鸽牌电线电缆有限公司、渝丰科技股份有限公司,,,
3.4.1.1.14,          室内冷缩铜芯电缆头(截面积120mm2以下) 8.00 个,,张同永,郑富兰,逾期,2025-12-05,2025-12-10,6, ,,,
3.4.1.1.15,          室内干包铜芯电缆头(截面积10mm2以下) 4.00 个,,张同永,郑富兰,逾期,2025-12-05,2025-12-10,6, ,,,
3.4.1.1.16,          配线WDZB1-BYJ-25 150.81 m,,张同永,郑富兰,逾期,2025-12-05,2025-12-10,6,甲方品牌库：重庆泰山电缆有限公司、重庆鸽牌电线电缆有限公司、渝丰科技股份有限公司,,,
3.4.1.1.17,          配线WDZB1-BYJ-16 75.41 m,,张同永,郑富兰,逾期,2025-12-05,2025-12-10,6,甲方品牌库：重庆泰山电缆有限公司、重庆鸽牌电线电缆有限公司、渝丰科技股份有限公司,,,
3.4.1.1.18,          配线WDZB1-BYJ-10 725.95 m,,张同永,郑富兰,逾期,2025-12-05,2025-12-10,6,甲方品牌库：重庆泰山电缆有限公司、重庆鸽牌电线电缆有限公司、渝丰科技股份有限公司,,,
3.4.1.1.19,          配线WDZB1-BYJ-6 2089.26 m,,张同永,郑富兰,逾期,2025-12-05,2025-12-10,6,甲方品牌库：重庆泰山电缆有限公司、重庆鸽牌电线电缆有限公司、渝丰科技股份有限公司,,,
3.4.1.1.20,          配线WDZB1-BYJ-4 17549.47 m,,张同永,郑富兰,逾期,2025-12-05,2025-12-10,6,甲方品牌库：重庆泰山电缆有限公司、重庆鸽牌电线电缆有限公司、渝丰科技股份有限公司,,,
3.4.1.1.21,          配线WDZB1-BYJ-2.5 739.88 m,,张同永,郑富兰,逾期,2025-12-05,2025-12-10,6,甲方品牌库：重庆泰山电缆有限公司、重庆鸽牌电线电缆有限公司、渝丰科技股份有限公司,,,
3.4.1.1.22,          配线WDZB1-BYJ-1.5 739.88 m,,张同永,郑富兰,逾期,2025-12-05,2025-12-10,6,甲方品牌库：重庆泰山电缆有限公司、重庆鸽牌电线电缆有限公司、渝丰科技股份有限公司,,,
3.4.1.1.23,          配线WDZC-BYJ-4 240.30 m,,张同永,郑富兰,逾期,2025-12-05,2025-12-10,6,甲方品牌库：重庆泰山电缆有限公司、重庆鸽牌电线电缆有限公司、渝丰科技股份有限公司,,,
3.4.1.1.24,          暗装外接电源接线端子盒 3.00 个,,张同永,郑富兰,逾期,2025-12-05,2025-12-10,6,,,,
3.4.1.1.24.1,            机房装修工程（1 项）,,,杨智,逾期,,,,,,,
3.4.1.1.25,"          单相二极加三极插座250V,10A 55.00 个",,张同永,郑富兰,逾期,2025-12-05,2025-12-10,6, ,,,
3.4.1.1.26,"          单联跷板开关250V,10A 2.00 个",,张同永,郑富兰,逾期,2025-12-05,2025-12-10,6, ,,,
3.4.1.1.27,"          双联跷板开关250V,10A 1.00 个",,张同永,郑富兰,逾期,2025-12-05,2025-12-10,6, ,,,
3.4.1.1.28,          LED一体化支架灯 8.00 套,,张同永,郑富兰,逾期,2025-12-05,2025-12-10,6, ,,,
3.4.1.2,        空调工程,,张同永,郑富兰,逾期,2025-12-05,2025-12-10,6,,,,
3.4.1.2.1,          基站空调UAC5.0 2.00 台,,张同永,郑富兰,逾期,2025-12-05,2025-12-10,6, ,,,
3.4.1.2.2,          基站空调UAC3.0 2.00 台,,张同永,郑富兰,逾期,2025-12-05,2025-12-10,6, ,,,
3.4.1.3,        海关监管设施设备工程,,张同永,郑富兰,逾期,2025-12-05,2025-12-10,6,,,,
3.4.1.3.1,          卫生检疫及行李查验,,张同永,郑富兰,逾期,2025-12-05,2025-12-10,6,,,,
3.4.1.3.1.1,            “手提行李预检+红外测温”一体查验通道1 6.00 套,,张同永,郑富兰,逾期,2025-12-05,2025-12-10,6,,,,
3.4.1.3.1.1.1,              核辐射检测系统（通道式）（6 套）,,,,逾期,,,,,,,
3.4.1.3.1.1.2,              MVCM1011 V2红外成像测温仪（ 套）,,,,逾期,,,,,,,
3.4.1.3.1.1.3,              MVCM1011 V2红外成像测温仪模组（ 台）,,,,逾期,,,,,,,
3.4.1.3.1.1.4,              MVCUS1367-D(S)V3海关手提行李风险拦截通道（单通道）-右主边（3 套）,,,,逾期,,,,,,,
3.4.1.3.1.1.5,              MVCUS1367-D(S)V3海关手提行李风险拦截通道（单通道）-左主边（3 套）,,,,逾期,,,,,,,
3.4.1.3.1.1.6,              MVCUS1367-D海关手提行李风险拦截通道-中副边（3 套）,,,,逾期,,,,,,,
3.4.1.3.1.1.7,              MVCM1011 V2红外成像测温仪模组（ 台）,,,,逾期,,,,,,,
3.4.1.3.1.1.8,              核辐射检测系统（通道式）（ 套）,,,,逾期,,,,,,,
3.4.1.3.1.1.9,              MVCM1022-065X射线检查系统（双视角）（6 套）,,,,逾期,,,,,,,
3.4.1.3.1.1.10,              MVCM1022-065X射线检查系统（双视角）-包装木托（6 套）,,,,逾期,,,,,,,
3.4.1.3.1.1.11,              工控机（6 台）,,,,逾期,,,,,,,
3.4.1.3.1.1.12,              X光机结构件补件（1 套）,,,,逾期,,,,,,,
3.4.1.3.1.1.13,              MVCM1011 V2红外成像测温仪（6 套）,,,,逾期,,,,,,,
3.4.1.3.1.2,            “手提行李预检+红外测温”一体查验通道2 4.00 套,,张同永,郑富兰,逾期,2025-12-05,2025-12-10,6,,,,
3.4.1.3.1.2.1,              MVCM1011 V2红外成像测温仪模组（ 台）,,,,逾期,,,,,,,
3.4.1.3.1.2.2,              核辐射检测系统（通道式）（4 套）,,,,逾期,,,,,,,
3.4.1.3.1.2.3,              MVCM1011 V2红外成像测温仪（ 套）,,,,逾期,,,,,,,
3.4.1.3.1.2.4,              MVCM1011 V2红外成像测温仪（4 套）,,,,逾期,,,,,,,
3.4.1.3.1.2.5,              MVCM1011 V2红外成像测温仪模组（ 台）,,,,逾期,,,,,,,
3.4.1.3.1.2.6,              核辐射检测系统（通道式）（ 套）,,,,逾期,,,,,,,
3.4.1.3.1.3,            一体查验通道应用服务器 2.00 套,,张同永,郑富兰,逾期,2025-12-05,2025-12-10,6,甲方品牌库：华为、浪潮、联想注意事项：国产服务器，考虑国产中间件，国产数据库，国产操作系统等第三方软件,,,
3.4.1.3.1.4,            海关智慧通关平台软件 1.00 套,,张同永,郑富兰,逾期,2025-12-05,2025-12-10,6, ,,,
3.4.1.3.1.5,            红外NVR存储 1.00 套,,张同永,郑富兰,逾期,2025-12-05,2025-12-10,6,甲方品牌库：大华、海康威视、华为,,,
3.4.1.3.1.6,            海关申报自助终端（含申报信息校准容错功能） 4.00 台,,张同永,郑富兰,逾期,2025-12-05,2025-12-10,6, ,,,
3.4.1.3.1.7,            硬隔离 5.00 m,,张同永,郑富兰,逾期,2025-12-05,2025-12-10,6, ,,,
3.4.1.3.1.8,            健康咨询台 1.00 套,,张同永,郑富兰,逾期,2025-12-05,2025-12-10,6, ,,,
3.4.1.3.1.9,            海关服务台 1.00 套,,张同永,郑富兰,逾期,2025-12-05,2025-12-10,6,,,,
3.4.1.3.1.9.1,              MVCUS1310-A5海关查验申报台（1 套）,,,,逾期,,,,,,,
3.4.1.3.1.10,            开包查验台 1.00 套,,张同永,郑富兰,逾期,2025-12-05,2025-12-10,6,,,,
3.4.1.3.1.10.1,              MVCUS1320-A5海关行李开包查验台（1 台）,,,,逾期,,,,,,,
3.4.1.3.1.10.2,              MVCUS1320-A5海关行李开包查验台-指示牌结构（1 套）,,,,逾期,,,,,,,
3.4.1.3.1.10.3,              透明强力双面胶（6 张）,,,,逾期,,,,,,,
3.4.1.3.1.11,            海关申报台 1.00 套,,张同永,郑富兰,逾期,2025-12-05,2025-12-10,6, ,,,
3.4.1.3.1.12,            查验工作站 2.00 台,,张同永,郑富兰,逾期,2025-12-05,2025-12-10,6,甲方品牌库：长城、华为、联想,,,
3.4.1.3.1.13,            填卡台 1.00 套,,张同永,郑富兰,逾期,2025-12-05,2025-12-10,6,,,,
3.4.1.3.1.13.1,              MVCUS1321-C5海关专用填卡台（1 套）,,,,逾期,,,,,,,
3.4.1.3.1.14,            海关自愿放弃物品投放箱 1.00 个,,张同永,郑富兰,逾期,2025-12-05,2025-12-10,6,,,,
3.4.1.3.1.14.1,              MVCUS1330-B4海关自愿放弃物品投放箱（1 台）,,,,逾期,,,,,,,
3.4.1.3.2,          入境托运行李先期机检系统,,张同永,郑富兰,逾期,2025-12-05,2025-12-10,6,,,,
3.4.1.3.2.1,            先期机检系统改造 1.00 套,,张同永,郑富兰,逾期,2025-12-05,2025-12-10,6,,,,
3.4.1.3.2.1.1,              智能上锁机（ 套）,,,,逾期,,,,,,,
3.4.1.3.2.2,            行李查验X光机 1.00 台,,张同永,郑富兰,逾期,2025-12-05,2025-12-10,6,,,,
3.4.1.3.2.2.1,              MVCM1022-100（双视角）X射线检测系统（1 套）,,,,逾期,,,,,,,
3.4.1.3.2.2.2,              X光机操作台（1 套）,,,,逾期,,,,,,,
3.4.1.3.2.2.3,              MVCM1022-100 （双视角）X光机木箱（ 套）,,,,逾期,,,,,,,
3.4.1.3.2.2.4,              工控机（1 台）,,,,逾期,,,,,,,
3.4.1.3.2.2.5,              MVCM1022-100 （双视角）X光机木托（ 套）,,,,逾期,,,,,,,
3.4.1.3.2.3,            行李传送带安装及改造 1.00 项,,张同永,郑富兰,逾期,2025-12-05,2025-12-10,6,,,,
3.4.1.3.2.3.1,              光电开关（接线）（3 个）,,,杨智,逾期,,,,,,,
3.4.1.3.2.3.2,              反射板（3 块）,,,杨智,逾期,,,,,,,
3.4.1.3.2.3.3,              智能上锁机补件（1 套）,,,杨智,逾期,,,,,,,
3.4.1.3.2.4,            自动贴标机 1.00 套,,张同永,郑富兰,逾期,2025-12-05,2025-12-10,6,,,,
3.4.1.3.2.4.1,              智能上锁机（1 套）,,,,逾期,,,,,,,
3.4.1.3.2.5,            无源标签 2.00 盒,,张同永,郑富兰,逾期,2025-12-05,2025-12-10,6, ,,,
3.4.1.3.3,          智能行李拦截服务平台,,张同永,郑富兰,逾期,2025-12-05,2025-12-10,6,,,,
3.4.1.3.3.1,            人脸识别系统软件 1.00 套,,张同永,郑富兰,逾期,2025-12-05,2025-12-10,6, ,,,
3.4.1.3.3.2,            人脸识别应用服务器 2.00 台,,张同永,郑富兰,逾期,2025-12-05,2025-12-10,6,甲方品牌库：华为、浪潮、联想注意事项：国产服务器，考虑国产中间件，国产数据库，国产操作系统等第三方软件,,,
3.4.1.3.3.3,            人脸识别数据库服务器 2.00 台,,张同永,郑富兰,逾期,2025-12-05,2025-12-10,6,甲方品牌库：华为、浪潮、联想注意事项：国产服务器，考虑国产中间件，国产数据库，国产操作系统等第三方软件,,,
3.4.1.3.3.4,            人脸识别算法服务器 2.00 台,,张同永,郑富兰,逾期,2025-12-05,2025-12-10,6,甲方品牌库：华为、浪潮、联想注意事项：国产服务器，考虑国产中间件，国产数据库，国产操作系统等第三方软件华为算法服务器参数：12*3.5inch盘位主机；标配2颗kunpeng 920-5220(32核-2.6GHz)；2*32G 内存；可支持16个内存插槽；标配4*GE以太网＋双口万兆；9540  RAID卡；1*4T SATA  硬盘，可支持配置12块3.5inch托架的SATA/SAS硬盘；4*Atlas300I duo；标配2个2000W交流电源；无DVD；l导轨；2U机架式。,,,
3.4.1.3.4,          集中审图系统升级,,张同永,郑富兰,逾期,2025-12-05,2025-12-10,6,,,,
3.4.1.3.4.1,            判图工作站 6.00 台,,张同永,郑富兰,逾期,2025-12-05,2025-12-10,6,甲方品牌库：长城、华为、联想,,,
3.4.1.3.4.2,            集中审图升级 1.00 套,,张同永,郑富兰,逾期,2025-12-05,2025-12-10,6, ,,,
3.4.1.3.5,          信息发布系统,,张同永,郑富兰,逾期,2025-12-05,2025-12-10,6,,,,
3.4.1.3.5.1,            国内转国际海关信息显示LED条屏 3.69 m²,,张同永,郑富兰,逾期,2025-12-05,2025-12-10,6, ,,,
3.4.1.3.5.2,            信息发布工作站 2.00 台,,张同永,郑富兰,逾期,2025-12-05,2025-12-10,6,甲方品牌库：长城、华为、联想,,,
3.4.1.3.5.3,            信息发布系统管理软件 1.00 套,,张同永,郑富兰,逾期,2025-12-05,2025-12-10,6, ,,,
3.4.1.3.6,          视频监控系统,,张同永,郑富兰,逾期,2025-12-05,2025-12-10,6,,,,
3.4.1.3.6.1,            半球网络高清摄像机 21.00 台,,张同永,郑富兰,逾期,2025-12-05,2025-12-10,6,甲方品牌库：大华、海康威视、宇视,,,
3.4.1.3.6.2,            人脸识别半球摄像机 11.00 台,,张同永,郑富兰,逾期,2025-12-05,2025-12-10,6,甲方品牌库：大华、海康威视、宇视注意事项：招标要求为枪型人脸摄像机，与货物名称半球不一致,,,
3.4.1.3.6.3,            枪型网络高清摄像机 23.00 台,,张同永,郑富兰,逾期,2025-12-05,2025-12-10,6,甲方品牌库：大华、海康威视、宇视,,,
3.4.1.3.6.4,            智能球型摄像机 5.00 台,,张同永,郑富兰,逾期,2025-12-05,2025-12-10,6,甲方品牌库：大华、海康威视、宇视,,,
3.4.1.3.6.5,            拾音器 17.00 套,,张同永,郑富兰,逾期,2025-12-05,2025-12-10,6, ,,,
3.4.1.3.6.6,            拾音器电源 17.00 套,,张同永,郑富兰,逾期,2025-12-05,2025-12-10,6, ,,,
3.4.1.3.6.7,            网络存储设备 1.00 台,,张同永,郑富兰,逾期,2025-12-05,2025-12-10,6,甲方品牌库：大华、海康威视、宇视,,,
3.4.1.3.6.8,            光纤收发器 10.00 台,,张同永,郑富兰,逾期,2025-12-05,2025-12-10,6, ,,,
3.4.1.3.6.9,            4芯光缆（室内） 1480.00 m,,张同永,郑富兰,逾期,2025-12-05,2025-12-10,6,甲方品牌库：泛达、康宁、康普,,,
3.4.1.3.6.10,            配线RVV2*1.0mm2 1700.00 m,,张同永,郑富兰,逾期,2025-12-05,2025-12-10,6,甲方品牌库：德特威勒、耐克森、赛普,,,
3.4.1.3.6.11,            配线RYYP4*1.0mm2 360.00 m,,张同永,郑富兰,逾期,2025-12-05,2025-12-10,6,甲方品牌库：德特威勒、耐克森、赛普,,,
3.4.1.3.6.12,            六类非屏蔽双绞线 5000.00 m,,张同永,郑富兰,逾期,2025-12-05,2025-12-10,6,,,,
3.4.1.3.6.12.1,              网线（16 箱）,,,杨智,逾期,,,,,,,
3.4.1.3.6.13,            配管KBG25 700.00 m,,张同永,郑富兰,逾期,2025-12-05,2025-12-10,6,,,,
3.4.1.3.6.13.1,              金属圆管（700 米）,,,杨智,逾期,,,,,,,
3.4.1.3.6.14,            行李分拣区设备箱 1.00 台,,张同永,郑富兰,逾期,2025-12-05,2025-12-10,6,注意事项：设备箱需根据现场实际情况调整,,,
3.4.1.3.7,          综合布线系统,,张同永,郑富兰,逾期,2025-12-05,2025-12-10,6,,,,
3.4.1.3.7.1,            信息模块（六类） 164.00 个,,张同永,郑富兰,逾期,2025-12-05,2025-12-10,6,甲方品牌库：泛达、康宁、康普,,,
3.4.1.3.7.2,            双口信息面板 94.00 个,,张同永,郑富兰,逾期,2025-12-05,2025-12-10,6,甲方品牌库：泛达、康宁、康普,,,
3.4.1.3.7.3,            信息模块（光纤） 24.00 个,,张同永,郑富兰,逾期,2025-12-05,2025-12-10,6, ,,,
3.4.1.3.7.4,            六类非屏蔽双绞线 7300.00 m,,张同永,郑富兰,逾期,2025-12-05,2025-12-10,6,,,,
3.4.1.3.7.4.1,              网线（24 箱）,,,杨智,逾期,,,,,,,
3.4.1.3.7.5,            4芯光缆（室内） 2000.00 m,,张同永,郑富兰,逾期,2025-12-05,2025-12-10,6,甲方品牌库：泛达、康宁、康普,,,
3.4.1.3.7.6,            12芯光缆（室内） 2500.00 m,,张同永,郑富兰,逾期,2025-12-05,2025-12-10,6,,,,
3.4.1.3.7.6.1,              12芯室内光缆（2500 米）,,,杨智,逾期,,,,,,,
3.4.1.3.7.7,            数据跳线（六类）3米 112.00 条,,张同永,郑富兰,逾期,2025-12-05,2025-12-10,6,,,,
3.4.1.3.7.7.1,              网络跳线（112 条）,,,杨智,逾期,,,,,,,
3.4.1.3.7.8,            光纤跳线（单模）3米 30.00 条,,张同永,郑富兰,逾期,2025-12-05,2025-12-10,6,,,,
3.4.1.3.7.8.1,              LC-LC光纤跳线（30 条）,,,杨智,逾期,,,,,,,
3.4.1.3.7.9,            光纤配线架（24口） 3.00 个,,张同永,郑富兰,逾期,2025-12-05,2025-12-10,6,,,,
3.4.1.3.7.9.1,              光纤配线架（3 个）,,,杨智,逾期,,,,,,,
3.4.1.3.7.10,            数据配线架（六类） 14.00 个,,张同永,郑富兰,逾期,2025-12-05,2025-12-10,6,,,,
3.4.1.3.7.10.1,              网络配线架（14 个）,,,杨智,逾期,,,,,,,
3.4.1.3.7.10.2,              理线器（14 个）,,,杨智,逾期,,,,,,,
3.4.1.3.7.11,            配管KBG20 4000.00 m,,张同永,郑富兰,逾期,2025-12-05,2025-12-10,6,,,,
3.4.1.3.7.11.1,              金属圆管（4000 米）,,,杨智,逾期,,,,,,,
3.4.1.3.7.12,            桥架200*100 20.00 m,,张同永,郑富兰,逾期,2025-12-05,2025-12-10,6,,,,
3.4.1.3.7.12.1,              镀锌桥架（20 米）,,,杨智,逾期,,,,,,,
3.4.1.3.7.13,            支架制作安装 48.00 kg,,张同永,郑富兰,逾期,2025-12-05,2025-12-10,6, ,,,
3.4.1.3.8,          计算机网络系统,,张同永,郑富兰,逾期,2025-12-05,2025-12-10,6,,,,
3.4.1.3.8.1,            24口接入交换机 7.00 套,,张同永,郑富兰,逾期,2025-12-05,2025-12-10,6,甲方品牌库：浪潮、华三、华为,,,
3.4.1.3.8.2,            24口接入交换机（POE） 7.00 套,,张同永,郑富兰,逾期,2025-12-05,2025-12-10,6,甲方品牌库：浪潮、华三、华为,,,
3.4.1.3.9,          远程查验系统,,张同永,郑富兰,逾期,2025-12-05,2025-12-10,6,,,,
3.4.1.3.9.1,            远程查验系统软件 1.00 套,,张同永,郑富兰,逾期,2025-12-05,2025-12-10,6, ,,,
3.4.1.3.9.2,            应用服务器 2.00 台,,张同永,郑富兰,逾期,2025-12-05,2025-12-10,6,甲方品牌库：华为、浪潮、联想注意事项：国产服务器，考虑国产中间件，国产数据库，国产操作系统等第三方软件,,,
3.4.1.3.9.3,            “中心”远程查验工作站 1.00 台,,张同永,郑富兰,逾期,2025-12-05,2025-12-10,6,甲方品牌库：长城、华为、联想,,,
3.4.1.3.9.4,            远程查验台 3.00 台,,张同永,郑富兰,逾期,2025-12-05,2025-12-10,6,,,,
3.4.1.3.9.4.1,              MVCUS1315-C 海关行李智能查验台（带翻译机）（3 套）,,,,逾期,,,,,,,
3.4.1.3.9.4.2,              MVCUS1315-C 海关行李智能查验台-胶垫（ 件）,,,,逾期,,,,,,,
3.4.1.3.10,          海关智能库管系统,,张同永,郑富兰,逾期,2025-12-05,2025-12-10,6,,,,
3.4.1.3.10.1,            系统软件 1.00 套,,张同永,郑富兰,逾期,2025-12-05,2025-12-10,6, ,,,
3.4.1.3.10.2,            海关智能储物柜（主柜） 1.00 台,,张同永,郑富兰,逾期,2025-12-05,2025-12-10,6, ,,,
3.4.1.3.10.3,            海关智能储物柜（副柜） 1.00 台,,张同永,郑富兰,逾期,2025-12-05,2025-12-10,6,注意事项：我们的小柜数量是18个,,,
3.4.1.3.10.4,            普通货架 10.00 个,,张同永,郑富兰,逾期,2025-12-05,2025-12-10,6, ,,,
3.4.1.3.10.5,            系统应用服务器 2.00 台,,张同永,郑富兰,逾期,2025-12-05,2025-12-10,6,甲方品牌库：华为、浪潮、联想注意事项：国产服务器，考虑国产中间件，国产数据库，国产操作系统等第三方软件,,,
3.4.1.3.10.6,            二维码扫描仪 1.00 台,,张同永,郑富兰,逾期,2025-12-05,2025-12-10,6, ,,,
3.4.1.3.10.7,            条码打印机 1.00 台,,张同永,郑富兰,逾期,2025-12-05,2025-12-10,6, ,,,
3.4.1.3.10.8,            热敏纸 1.00 卷,,张同永,郑富兰,逾期,2025-12-05,2025-12-10,6, ,,,
3.4.1.3.10.9,            A4打印机 1.00 台,,张同永,郑富兰,逾期,2025-12-05,2025-12-10,6, ,,,
3.4.1.3.10.10,            业务工作站 1.00 台,,张同永,郑富兰,逾期,2025-12-05,2025-12-10,6,甲方品牌库：长城、华为、联想,,,
3.4.1.3.11,          智慧电讯检疫设备,,张同永,郑富兰,逾期,2025-12-05,2025-12-10,6,,,,
3.4.1.3.11.1,            AR+测温智能眼镜 1.00 套,,张同永,郑富兰,逾期,2025-12-05,2025-12-10,6, ,,,
3.4.1.3.11.2,            智能远程监控终端 1.00 套,,张同永,郑富兰,逾期,2025-12-05,2025-12-10,6, ,,,
3.4.1.3.12,          卫检用房配套设施,,张同永,郑富兰,逾期,2025-12-05,2025-12-10,6,,,,
3.4.1.3.12.1,            快拼采样室（拼装式采样间） 3.00 座,,张同永,郑富兰,逾期,2025-12-05,2025-12-10,6, ,,,
3.4.1.3.12.2,            半球网络高清摄像机 30.00 台,,张同永,郑富兰,逾期,2025-12-05,2025-12-10,6,甲方品牌库：大华、海康威视、宇视,,,
3.4.1.3.12.3,            信息模块（六类） 60.00 个,,张同永,郑富兰,逾期,2025-12-05,2025-12-10,6,甲方品牌库：泛达、康宁、康普,,,
3.4.1.3.12.4,            双口信息面板 15.00 个,,张同永,郑富兰,逾期,2025-12-05,2025-12-10,6,甲方品牌库：泛达、康宁、康普,,,
3.4.1.3.12.5,            隔离负压室设备箱 2.00 台,,张同永,郑富兰,逾期,2025-12-05,2025-12-10,6, ,,,
3.4.1.3.12.6,            门禁控制器 5.00 台,,张同永,郑富兰,逾期,2025-12-05,2025-12-10,6, ,,,
3.4.1.3.12.7,            双门电控锁 9.00 台,,张同永,郑富兰,逾期,2025-12-05,2025-12-10,6, ,,,
3.4.1.3.12.8,            读卡器 9.00 台,,张同永,郑富兰,逾期,2025-12-05,2025-12-10,6, ,,,
3.4.1.3.12.9,            开门按钮 9.00 台,,张同永,郑富兰,逾期,2025-12-05,2025-12-10,6, ,,,
3.4.1.3.12.10,            波破开关 9.00 台,,张同永,郑富兰,逾期,2025-12-05,2025-12-10,6, ,,,
3.4.1.3.13,          其他,,张同永,郑富兰,逾期,2025-12-05,2025-12-10,6,,,,
3.4.1.3.13.1,            拆除 1.00 项,,张同永,郑富兰,逾期,2025-12-05,2025-12-10,6, ,,,
3.4.1.3.13.2,            信息系统等级保护 1.00 项,,张同永,郑富兰,逾期,2025-12-05,2025-12-10,6, ,,,
3.4.1.3.13.3,            系统整体调试 1.00 系统,,张同永,郑富兰,逾期,2025-12-05,2025-12-10,6, ,,,
3.4.1.4,        边检设施设备工程,,张同永,郑富兰,逾期,2025-12-05,2025-12-10,6,,,,
3.4.1.4.1,          视频监控系统,,张同永,郑富兰,逾期,2025-12-05,2025-12-10,6,,,,
3.4.1.4.1.1,            半球网络高清摄像机 23.00 台,,张同永,郑富兰,逾期,2025-12-05,2025-12-10,6,甲方品牌库：大华、海康威视、宇视,,,
3.4.1.4.1.2,            智能球型摄像机 6.00 台,,张同永,郑富兰,逾期,2025-12-05,2025-12-10,6,甲方品牌库：大华、海康威视、宇视,,,
3.4.1.4.1.3,            门禁控制器 1.00 台,,张同永,郑富兰,逾期,2025-12-05,2025-12-10,6, ,,,
3.4.1.4.1.4,            双门电控锁 2.00 台,,张同永,郑富兰,逾期,2025-12-05,2025-12-10,6, ,,,
3.4.1.4.1.5,            读卡器 2.00 台,,张同永,郑富兰,逾期,2025-12-05,2025-12-10,6, ,,,
3.4.1.4.1.6,            开门按钮 2.00 台,,张同永,郑富兰,逾期,2025-12-05,2025-12-10,6, ,,,
3.4.1.4.1.7,            波破开关 2.00 台,,张同永,郑富兰,逾期,2025-12-05,2025-12-10,6, ,,,
3.4.1.4.1.8,            网络存储设备 1.00 台,,张同永,郑富兰,逾期,2025-12-05,2025-12-10,6,甲方品牌库：大华、海康威视、宇视,,,
3.4.1.4.1.9,            配线RVV2*1.0mm2 1200.00 m,,张同永,郑富兰,逾期,2025-12-05,2025-12-10,6,甲方品牌库：德特威勒、耐克森、赛普,,,
3.4.1.4.1.10,            配线RYYP6*1.00mm2 1000.00 m,,张同永,郑富兰,逾期,2025-12-05,2025-12-10,6,甲方品牌库：德特威勒、耐克森、赛普,,,
3.4.1.4.1.11,            六类非屏蔽双绞线 5400.00 m,,张同永,郑富兰,逾期,2025-12-05,2025-12-10,6,,,,
3.4.1.4.1.11.1,              网线（18 箱）,,,杨智,逾期,,,,,,,
3.4.1.4.1.12,            配管KBG20 700.00 m,,张同永,郑富兰,逾期,2025-12-05,2025-12-10,6,,,,
3.4.1.4.1.12.1,              金属圆管（700 米）,,,杨智,逾期,,,,,,,
3.4.1.4.1.13,            配管KBG32 80.00 m,,张同永,郑富兰,逾期,2025-12-05,2025-12-10,6, ,,,
3.4.1.4.2,          综合布线系统,,张同永,郑富兰,逾期,2025-12-05,2025-12-10,6,,,,
3.4.1.4.2.1,            信息模块（六类） 314.00 个,,张同永,,逾期,2025-12-05,2025-12-10,6,,,,
3.4.1.4.2.1.1,              网络模块（200 个）,,,杨智,逾期,,,,,,,
3.4.1.4.2.2,            双口信息面板 157.00 个,,张同永,,逾期,2025-12-05,2025-12-10,6,,,,
3.4.1.4.2.2.1,              网络面板（100 个）,,,杨智,逾期,,,,,,,
3.4.1.4.2.3,            六类非屏蔽双绞线 22000.00 m,,张同永,,逾期,2025-12-05,2025-12-10,6,,,,
3.4.1.4.2.3.1,              网线（72 箱）,,,杨智,逾期,,,,,,,
3.4.1.4.2.4,            48芯光缆（室内） 400.00 m,,张同永,,逾期,2025-12-05,2025-12-10,6,,,,
3.4.1.4.2.4.1,              48芯室内光缆（400 米）,,,杨智,逾期,,,,,,,
3.4.1.4.2.5,            12芯光缆（室内） 120.00 m,,张同永,,逾期,2025-12-05,2025-12-10,6,,,,
3.4.1.4.2.5.1,              12芯室内光缆（120 米）,,,杨智,逾期,,,,,,,
3.4.1.4.2.6,            设备网接入交换机 1.00 套,,张同永,,逾期,2025-12-05,2025-12-10,6,甲方品牌库：浪潮、华三、华为,,,
3.4.1.4.2.7,            设备箱 1.00 台,,张同永,,逾期,2025-12-05,2025-12-10,6, ,,,
3.4.1.4.2.8,            数据跳线（六类）3米 157.00 条,,张同永,,逾期,2025-12-05,2025-12-10,6,,,,
3.4.1.4.2.8.1,              网络跳线（157 条）,,,杨智,逾期,,,,,,,
3.4.1.4.2.9,            光纤跳线（单模）3米 26.00 条,,张同永,,逾期,2025-12-05,2025-12-10,6,,,,
3.4.1.4.2.9.1,              LC-LC光纤跳线（26 条）,,,杨智,逾期,,,,,,,
3.4.1.4.2.10,            光纤配线架（24口） 2.00 个,,张同永,,逾期,2025-12-05,2025-12-10,6,,,,
3.4.1.4.2.10.1,              光纤配线架（2 个）,,,杨智,逾期,,,,,,,
3.4.1.4.2.11,            数据配线架（六类） 14.00 个,,张同永,,逾期,2025-12-05,2025-12-10,6,,,,
3.4.1.4.2.11.1,              网络配线架（14 个）,,,杨智,逾期,,,,,,,
3.4.1.4.2.11.2,              理线器（14 个）,,,杨智,逾期,,,,,,,
3.4.1.4.2.12,            配管KBG20 2580.00 m,,张同永,,逾期,2025-12-05,2025-12-10,6,,,,
3.4.1.4.2.12.1,              金属圆管（2580 米）,,,杨智,逾期,,,,,,,
3.4.1.4.3,          计算机网络系统,,张同永,郑富兰,逾期,2025-12-05,2025-12-10,6,,,,
3.4.1.4.3.1,            24口接入交换机 1.00 套,,张同永,,逾期,2025-12-05,2025-12-10,6,甲方品牌库：浪潮、华三、华为,,,
3.4.1.4.3.2,            48口接入交换机 3.00 套,,张同永,,逾期,2025-12-05,2025-12-10,6,甲方品牌库：浪潮、华三、华为,,,
3.4.1.4.3.3,            24口接入交换机（POE） 1.00 套,,张同永,,逾期,2025-12-05,2025-12-10,6,甲方品牌库：浪潮、华三、华为,,,
3.4.1.4.3.4,            48口接入交换机(POE) 3.00 套,,张同永,,逾期,2025-12-05,2025-12-10,6,甲方品牌库：浪潮、华三、华为,,,
3.4.1.4.4,          机房工程,,张同永,郑富兰,逾期,2025-12-05,2025-12-10,6,,,,
3.4.1.4.4.1,            机柜800（W）*800（D）*2000（H）m 5.00 台,,张同永,,逾期,2025-12-05,2025-12-10,6, ,,,
3.4.1.4.4.2,            接地母线（30*4紫铜带） 35.00 m,,张同永,,逾期,2025-12-05,2025-12-10,6, ,,,
3.4.1.4.4.3,            接地母线（100*0.3铜箔） 77.00 m,,张同永,,逾期,2025-12-05,2025-12-10,6, ,,,
3.4.1.4.4.4,            接地母线WDZB-RYJ(F)-6 17.00 m,,张同永,,逾期,2025-12-05,2025-12-10,6, ,,,
3.4.1.4.4.5,            接地母线WDZB-RYJ(F)-16 17.00 m,,张同永,,逾期,2025-12-05,2025-12-10,6, ,,,
3.4.1.4.4.6,            接地端子箱 1.00 台,,张同永,,逾期,2025-12-05,2025-12-10,6, ,,,
3.4.1.4.4.7,            桥架200mm*100mm*2mm 22.00 m,,张同永,,逾期,2025-12-05,2025-12-10,6,,,,
3.4.1.4.4.7.1,              镀锌桥架（22 米）,,,杨智,逾期,,,,,,,
3.4.1.4.4.8,            支架制作安装 70.00 kg,,张同永,,逾期,2025-12-05,2025-12-10,6, ,,,
3.4.1.4.4.9,            PDU 10.00 个,,张同永,,逾期,2025-12-05,2025-12-10,6, ,,,
3.4.1.4.4.10,            配线RYY3*6mm2 360.00 m,,张同永,,逾期,2025-12-05,2025-12-10,6,甲方品牌库：德特威勒、耐克森、赛普,,,
3.4.1.4.5,          其他,,张同永,郑富兰,逾期,2025-12-05,2025-12-10,6,,,,
3.4.1.4.5.1,            拆除及安装 1.00 项,,张同永,,逾期,2025-12-05,2025-12-10,6, ,,,
3.4.1.5,        安检设施设备工程,,张同永,郑富兰,逾期,2025-12-05,2025-12-10,6,,,,
3.4.1.5.1,          视频监控系统,,,,进行中,,,,,,,
3.4.1.5.1.1,            人脸识别半球摄像机 10.00 台,,,,逾期,,,,甲方品牌库：大华、海康威视、宇视注意事项：招标要求为枪型人脸摄像机，与货物名称半球不一致,,,
3.4.1.5.1.2,            枪型网络高清摄像机 6.00 台,,,,逾期,,,,甲方品牌库：大华、海康威视、宇视,,,
3.4.1.5.1.3,            报警按钮 6.00 套,,,,逾期,,,, ,,,
3.4.1.5.1.4,            拾音器 8.00 套,,,,逾期,,,, ,,,
3.4.1.5.1.5,            拾音器电源 8.00 套,,,,逾期,,,, ,,,
3.4.1.5.1.6,            配线RVV2*1.0mm2 2200.00 m,,,,逾期,,,,甲方品牌库：德特威勒、耐克森、赛普,,,
3.4.1.5.1.7,            配线RYYP2*1.00mm2 2600.00 m,,,,逾期,,,,甲方品牌库：德特威勒、耐克森、赛普,,,
3.4.1.5.1.8,            六类非屏蔽双绞线 2450.00 m,,,,逾期,,,,甲方品牌库：泛达、康宁、康普,,,
3.4.1.5.1.9,            配管KBG20 300.00 m,,,,逾期,,,, ,,,
3.4.1.5.2,          综合布线系统,,,,进行中,,,,,,,
3.4.1.5.2.1,            信息模块（六类） 140.00 个,,,,逾期,,,,甲方品牌库：泛达、康宁、康普,,,
3.4.1.5.2.2,            双口信息面板 70.00 个,,,,逾期,,,,甲方品牌库：泛达、康宁、康普,,,
3.4.1.5.2.3,            六类非屏蔽双绞线 10000.00 m,,,,逾期,,,,甲方品牌库：泛达、康宁、康普,,,
3.4.1.5.2.4,            数据跳线（六类）3米 70.00 条,,,,逾期,,,,甲方品牌库：泛达、康宁、康普,,,
3.4.1.5.2.5,            数据配线架（六类） 7.00 个,,,,逾期,,,,甲方品牌库：泛达、康宁、康普,,,
3.4.1.5.2.6,            配管KBG20 1300.00 m,,,,逾期,,,, ,,,
3.4.1.6,        卫检设备工程,,张同永,郑富兰,逾期,2025-12-05,2025-12-10,6,,,,
3.4.1.6.1,          卫检设备,,张同永,郑富兰,逾期,2025-12-05,2025-12-10,6,,,,
3.4.1.6.1.1,            操作台1 3.00 个,,张同永,郑富兰,逾期,2025-12-05,2025-12-10,6,原名称：办公桌,,,
3.4.1.6.1.2,            操作台1 4.00 个,,张同永,郑富兰,逾期,2025-12-05,2025-12-10,6,原名称：办公桌,,,
3.4.1.6.1.3,            操作台2 1.00 套,,张同永,郑富兰,逾期,2025-12-05,2025-12-10,6,原名称：小型会议桌,,,
3.4.1.6.1.4,            操作椅 4.00 台,,张同永,郑富兰,逾期,2025-12-05,2025-12-10,6,原名称：办公椅,,,
3.4.1.6.1.5,            负压隔离轮椅 2.00 台,,张同永,郑富兰,逾期,2025-12-05,2025-12-10,6, ,,,
3.4.1.6.1.6,            立柜 1.00 个,,张同永,郑富兰,逾期,2025-12-05,2025-12-10,6,原名称：衣柜,,,
3.4.1.6.1.7,            医用储物柜1 4.00 个,,张同永,郑富兰,逾期,2025-12-05,2025-12-10,6,原名称：文件柜,,,
3.4.1.6.1.8,            医用储物柜3 40.00 个,,张同永,郑富兰,逾期,2025-12-05,2025-12-10,6,原名称：双边两门更衣柜,,,
3.4.1.6.1.9,            医用储物柜2 15.00 台,,张同永,郑富兰,逾期,2025-12-05,2025-12-10,6, ,,,
3.4.1.6.1.10,            医用储物柜2 5.00 台,,张同永,郑富兰,逾期,2025-12-05,2025-12-10,6, ,,,
3.4.1.6.1.11,            生物安全移运箱 4.00 台,,张同永,郑富兰,逾期,2025-12-05,2025-12-10,6, ,,,
3.4.1.6.1.12,            生物安全柜 1.00 台,,张同永,郑富兰,逾期,2025-12-05,2025-12-10,6, ,,,
3.4.1.6.1.13,            工作站 16.00 台,,张同永,郑富兰,逾期,2025-12-05,2025-12-10,6,甲方品牌库：长城、华为、联想,,,
3.4.1.6.1.14,            医用储物架 9.00 个,,张同永,郑富兰,逾期,2025-12-05,2025-12-10,6, ,,,
3.4.1.6.1.15,            医用货架 6.00 个,,张同永,郑富兰,逾期,2025-12-05,2025-12-10,6, ,,,
3.4.1.6.1.16,            医疗垃圾桶 2.00 个,,张同永,郑富兰,逾期,2025-12-05,2025-12-10,6, ,,,
3.4.1.6.1.17,            医疗垃圾桶 4.00 个,,张同永,郑富兰,逾期,2025-12-05,2025-12-10,6, ,,,
3.4.1.6.1.18,            各类废弃物收集容器 3.00 个,,张同永,郑富兰,逾期,2025-12-05,2025-12-10,6, ,,,
3.4.1.6.1.19,            智能流调设备 3.00 台,,张同永,郑富兰,逾期,2025-12-05,2025-12-10,6, ,,,
3.4.1.6.1.20,            额温计 2.00 个,,张同永,郑富兰,逾期,2025-12-05,2025-12-10,6,参考链接：https://item.jd.com/100003406321.html#switch-sku,,,
3.4.1.6.1.21,            水银体温计 3.00 盒,,张同永,郑富兰,逾期,2025-12-05,2025-12-10,6,参考链接：https://item.jd.com/100193778318.html#switch-sku,,,
3.4.1.6.1.22,            电子血压计 1.00 台,,张同永,郑富兰,逾期,2025-12-05,2025-12-10,6,参考链接：https://item.jd.com/100012566566.html#switch-sku,,,
3.4.1.6.1.23,            医用电子血压计 4.00 台,,张同永,郑富兰,逾期,2025-12-05,2025-12-10,6,参考链接：https://item.jd.com/100014291983.html,,,
3.4.1.6.1.24,            医学检查工具包 1.00 套,,张同永,郑富兰,逾期,2025-12-05,2025-12-10,6, ,,,
3.4.1.6.1.25,            常用体格检查工具 2.00 套,,张同永,郑富兰,逾期,2025-12-05,2025-12-10,6, ,,,
3.4.1.6.1.26,            采样工具 1.00 套,,张同永,郑富兰,逾期,2025-12-05,2025-12-10,6, ,,,
3.4.1.6.1.27,            医疗急救箱 1.00 套,,张同永,郑富兰,逾期,2025-12-05,2025-12-10,6, ,,,
3.4.1.6.1.28,            生物安全采样、送样箱 1.00 套,,张同永,郑富兰,逾期,2025-12-05,2025-12-10,6, ,,,
3.4.1.6.1.29,            感应式手消毒器 6.00 台,,张同永,郑富兰,逾期,2025-12-05,2025-12-10,6,参考链接：https://item.jd.com/10096766877668.html#switch-sku,,,
3.4.1.6.1.30,            移动式紫外消毒车 2 台,,张同永,郑富兰,逾期,2025-12-05,2025-12-10,6,,,,
3.4.1.6.1.31,            消毒药械 4 套,,张同永,郑富兰,逾期,2025-12-05,2025-12-10,6,,,,
3.4.1.6.1.32,            医用检查灯 1 套,,张同永,郑富兰,逾期,2025-12-05,2025-12-10,6,,,,
3.4.1.6.1.33,            医用检查灯 1 套,,张同永,郑富兰,逾期,2025-12-05,2025-12-10,6,,,,
3.4.1.6.1.34,            人机共存型循环空气消毒机 6 台,,张同永,郑富兰,逾期,2025-12-05,2025-12-10,6,,,,
3.4.1.6.1.35,            背负电动喷雾器 1 台,,张同永,郑富兰,逾期,2025-12-05,2025-12-10,6,,,,
3.4.1.6.1.36,            自动喷雾消毒通道 2 套,,张同永,郑富兰,逾期,2025-12-05,2025-12-10,6,,,,
3.4.1.6.1.37,            打印机 8 台,,张同永,郑富兰,逾期,2025-12-05,2025-12-10,6,,,,
3.4.1.6.1.38,            智能条码打印机及配套设备 1 台,,张同永,郑富兰,逾期,2025-12-05,2025-12-10,6,,,,
3.4.1.6.1.39,            诊疗推车 1 个,,张同永,郑富兰,逾期,2025-12-05,2025-12-10,6,,,,
3.4.1.6.1.40,            诊疗推车 3 个,,张同永,郑富兰,逾期,2025-12-05,2025-12-10,6,,,,
3.4.1.6.1.41,            医用诊疗车 6 个,,张同永,郑富兰,逾期,2025-12-05,2025-12-10,6,,,,
3.4.1.6.1.42,            抢救推车 1 个,,张同永,郑富兰,逾期,2025-12-05,2025-12-10,6,,,,
3.4.1.6.1.43,            普通担架 1 套,,张同永,郑富兰,逾期,2025-12-05,2025-12-10,6,,,,
3.4.1.6.1.44,            采样操作台 1 个,,张同永,郑富兰,逾期,2025-12-05,2025-12-10,6,,,,
3.4.1.6.1.45,            钢木结构实验台 1 个,,张同永,郑富兰,逾期,2025-12-05,2025-12-10,6,,,,
3.4.1.6.1.46,            普通冰箱 1 台,,张同永,郑富兰,逾期,2025-12-05,2025-12-10,6,,,,
3.4.1.6.1.47,            普通冰箱 6 台,,张同永,郑富兰,逾期,2025-12-05,2025-12-10,6,,,,
3.4.1.6.1.48,            低温冰箱 1 台,,张同永,郑富兰,逾期,2025-12-05,2025-12-10,6,,,,
3.4.1.6.1.49,            超低温冰箱 1 台,,张同永,郑富兰,逾期,2025-12-05,2025-12-10,6,,,,
3.4.1.6.1.50,            高压灭菌锅 1 台,,张同永,郑富兰,逾期,2025-12-05,2025-12-10,6,,,,
3.4.1.6.1.51,            诊床 2 张,,张同永,郑富兰,逾期,2025-12-05,2025-12-10,6,,,,
3.4.1.6.1.52,            诊疗床 1 套,,张同永,郑富兰,逾期,2025-12-05,2025-12-10,6,,,,
3.4.1.6.1.53,            诊疗床 3 套,,张同永,郑富兰,逾期,2025-12-05,2025-12-10,6,,,,
3.4.1.6.1.54,            值班设施1 30 套,,张同永,郑富兰,逾期,2025-12-05,2025-12-10,6,,,,
3.4.1.6.1.55,            证件阅读器 2 台,,张同永,郑富兰,逾期,2025-12-05,2025-12-10,6,,,,
3.4.1.6.1.55.1,              证件阅读器（2 套）,,,,逾期,,,,,,,
3.4.1.6.1.56,            防护装备 2 套,,张同永,郑富兰,逾期,2025-12-05,2025-12-10,6,,,,
3.4.1.6.1.57,            信息展示大屏 1 台,,张同永,郑富兰,逾期,2025-12-05,2025-12-10,6,,,,
3.4.1.6.1.58,            负压隔离舱 1 座,,张同永,郑富兰,逾期,2025-12-05,2025-12-10,6,,,,
3.4.1.6.1.59,            负压隔离单元 1 座,,张同永,郑富兰,逾期,2025-12-05,2025-12-10,6,,,,
3.4.1.7,        土建工程,,张同永,郑富兰,逾期,2025-12-05,2025-12-10,6,,,,
3.4.1.7.1,          装饰架,,张同永,郑富兰,逾期,2025-12-05,2025-12-10,6,,,,
3.4.1.7.2,          围护架构,,张同永,郑富兰,逾期,2025-12-05,2025-12-10,6,,,,
3.4.1.7.2.1,            无机涂料柱墙面（S内1） 221.6 m2,,张同永,郑富兰,逾期,2025-12-05,2025-12-10,6,,,,
3.4.1.7.2.2,            600*600*35mm厚防静电架空地板（S楼4） 61.1 m2,,张同永,郑富兰,逾期,2025-12-05,2025-12-10,6,,,,
3.4.1.7.2.3,            地砖踢脚（F踢1、S踢1、G踢1） 5.54 m2,,张同永,郑富兰,逾期,2025-12-05,2025-12-10,6,,,,
3.4.1.7.2.4,            钢质甲级防火门 10.56 m2,,张同永,郑富兰,逾期,2025-12-05,2025-12-10,6,,,,
3.4.1.7.2.5,            板上开洞 5 个,,张同永,郑富兰,逾期,2025-12-05,2025-12-10,6,,,,
4,  采购准备,,彭高红,彭高红,进行中,2025-12-05,2025-12-31,27,,,,
4.2,    外购产品采购及发到货（采购）,,王妙燕,,进行中,2025-12-05,2025-12-31,27,,,,
4.2.1,      重庆江北国际机场T3B 航站楼及第四跑道工程T3A 航站楼联检设施改造工程,,王妙燕,,进行中,2025-12-05,2025-12-31,27,,,,
4.2.1.1,        电气工程,,王妙燕,,进行中,2025-12-05,2025-12-22,18,,,,
4.2.1.1.1,          配电箱2-3nALEuL3e301 1.00 台,,王妙燕,,延期,2025-12-05,2025-12-22,18, ,,,
4.2.1.1.2,          配电箱2-3nALEuL3e302 1.00 台,,王妙燕,,延期,2025-12-05,2025-12-22,18, ,,,
4.2.1.1.3,          配电箱2-3nALEuL3e301.1 1.00 台,,王妙燕,,延期,2025-12-05,2025-12-22,18, ,,,
4.2.1.1.4,          金属线槽200x50 315.26 m,,王妙燕,,进行中,2025-12-05,2025-12-22,18,,,,
4.2.1.1.4.1,            热镀锌桥架（315 米）,,,杨智,逾期,,,,,,,
4.2.1.1.5,          支架制作安装 764.00 kg,,王妙燕,,延期,2025-12-05,2025-12-22,18, ,,,
4.2.1.1.6,          配管SC80 100.00 m,,王妙燕,,进行中,2025-12-05,2025-12-22,18,,,,
4.2.1.1.6.1,            金属圆管（100 米）,,,杨智,逾期,,,,,,,
4.2.1.1.7,          配管SC40 169.35 m,,王妙燕,,进行中,2025-12-05,2025-12-22,18,,,,
4.2.1.1.7.1,            金属圆管（170 米）,,,杨智,逾期,,,,,,,
4.2.1.1.8,          配管SC20 862.40 m,,王妙燕,,进行中,2025-12-05,2025-12-22,18,,,,
4.2.1.1.8.1,            镀锌钢管（862 米）,,,杨智,逾期,,,,,,,
4.2.1.1.9,          配管JDG20 73.43 m,,王妙燕,,进行中,2025-12-05,2025-12-22,18,,,,
4.2.1.1.9.1,            金属镀锌穿线管（73 米）,,,杨智,逾期,,,,,,,
4.2.1.1.10,          配管JDG25 36.30 m,,王妙燕,,进行中,2025-12-05,2025-12-22,18,,,,
4.2.1.1.10.1,            金属镀锌穿线管（36 米）,,,杨智,逾期,,,,,,,
4.2.1.1.11,          送配电装置系统调试1KV 4.00 系统,,王妙燕,,延期,2025-12-05,2025-12-22,18, ,,,
4.2.1.1.12,          电力电缆WDZB1-YJY-0.6/1KV-4x95+1x50mm2 400.00 m,,王妙燕,,延期,2025-12-05,2025-12-22,18,甲方品牌库：重庆泰山电缆有限公司、重庆鸽牌电线电缆有限公司、渝丰科技股份有限公司,,,
4.2.1.1.13,          电力电缆WDZB1-YJY-0.6/1KV-5*10mm2 20.00 m,,王妙燕,,延期,2025-12-05,2025-12-22,18,甲方品牌库：重庆泰山电缆有限公司、重庆鸽牌电线电缆有限公司、渝丰科技股份有限公司,,,
4.2.1.1.14,          室内冷缩铜芯电缆头(截面积120mm2以下) 8.00 个,,王妙燕,,延期,2025-12-05,2025-12-22,18, ,,,
4.2.1.1.15,          室内干包铜芯电缆头(截面积10mm2以下) 4.00 个,,王妙燕,,延期,2025-12-05,2025-12-22,18, ,,,
4.2.1.1.16,          配线WDZB1-BYJ-25 150.81 m,,王妙燕,,延期,2025-12-05,2025-12-22,18,甲方品牌库：重庆泰山电缆有限公司、重庆鸽牌电线电缆有限公司、渝丰科技股份有限公司,,,
4.2.1.1.17,          配线WDZB1-BYJ-16 75.41 m,,王妙燕,,延期,2025-12-05,2025-12-22,18,甲方品牌库：重庆泰山电缆有限公司、重庆鸽牌电线电缆有限公司、渝丰科技股份有限公司,,,
4.2.1.1.18,          配线WDZB1-BYJ-10 725.95 m,,王妙燕,,延期,2025-12-05,2025-12-22,18,甲方品牌库：重庆泰山电缆有限公司、重庆鸽牌电线电缆有限公司、渝丰科技股份有限公司,,,
4.2.1.1.19,          配线WDZB1-BYJ-6 2089.26 m,,王妙燕,,延期,2025-12-05,2025-12-22,18,甲方品牌库：重庆泰山电缆有限公司、重庆鸽牌电线电缆有限公司、渝丰科技股份有限公司,,,
4.2.1.1.20,          配线WDZB1-BYJ-4 17549.47 m,,王妙燕,,延期,2025-12-05,2025-12-22,18,甲方品牌库：重庆泰山电缆有限公司、重庆鸽牌电线电缆有限公司、渝丰科技股份有限公司,,,
4.2.1.1.21,          配线WDZB1-BYJ-2.5 739.88 m,,王妙燕,,延期,2025-12-05,2025-12-22,18,甲方品牌库：重庆泰山电缆有限公司、重庆鸽牌电线电缆有限公司、渝丰科技股份有限公司,,,
4.2.1.1.22,          配线WDZB1-BYJ-1.5 739.88 m,,王妙燕,,延期,2025-12-05,2025-12-22,18,甲方品牌库：重庆泰山电缆有限公司、重庆鸽牌电线电缆有限公司、渝丰科技股份有限公司,,,
4.2.1.1.23,          配线WDZC-BYJ-4 240.30 m,,王妙燕,,延期,2025-12-05,2025-12-22,18,甲方品牌库：重庆泰山电缆有限公司、重庆鸽牌电线电缆有限公司、渝丰科技股份有限公司,,,
4.2.1.1.24,          暗装外接电源接线端子盒 3.00 个,,王妙燕,,进行中,2025-12-05,2025-12-22,18,,,,
4.2.1.1.24.1,            机房装修工程（1 项）,,,杨智,逾期,,,,,,,
4.2.1.1.25,"          单相二极加三极插座250V,10A 55.00 个",,王妙燕,,延期,2025-12-05,2025-12-22,18, ,,,
4.2.1.1.26,"          单联跷板开关250V,10A 2.00 个",,王妙燕,,延期,2025-12-05,2025-12-22,18, ,,,
4.2.1.1.27,"          双联跷板开关250V,10A 1.00 个",,王妙燕,,延期,2025-12-05,2025-12-22,18, ,,,
4.2.1.1.28,          LED一体化支架灯 8.00 套,,王妙燕,,延期,2025-12-05,2025-12-22,18, ,,,
4.2.1.2,        空调工程,,王妙燕,,进行中,2025-12-05,2025-12-22,18,,,,
4.2.1.2.1,          基站空调UAC5.0 2.00 台,,王妙燕,,延期,2025-12-05,2025-12-22,18, ,,,
4.2.1.2.2,          基站空调UAC3.0 2.00 台,,王妙燕,,延期,2025-12-05,2025-12-22,18, ,,,
4.2.1.3,        海关监管设施设备工程,,王妙燕,,进行中,2025-12-05,2025-12-31,27,,,,
4.2.1.3.1,          卫生检疫及行李查验,,王妙燕,,进行中,2025-12-05,2025-12-31,27,,,,
4.2.1.3.1.1,            一体查验通道应用服务器 2.00 套,,王妙燕,,延期,2025-12-05,2025-12-31,27,甲方品牌库：华为、浪潮、联想注意事项：国产服务器，考虑国产中间件，国产数据库，国产操作系统等第三方软件,,,
4.2.1.3.1.2,            海关智慧通关平台软件 1.00 套,,王妙燕,,延期,2025-12-05,2025-12-31,27, ,,,
4.2.1.3.1.3,            红外NVR存储 1.00 套,,王妙燕,,延期,2025-12-05,2025-12-31,27,甲方品牌库：大华、海康威视、华为,,,
4.2.1.3.1.4,            硬隔离 5.00 m,,王妙燕,,延期,2025-12-05,2025-12-31,27, ,,,
4.2.1.3.1.5,            查验工作站 2.00 台,,王妙燕,,延期,2025-12-05,2025-12-31,27,甲方品牌库：长城、华为、联想,,,
4.2.1.3.2,          入境托运行李先期机检系统,,王妙燕,,进行中,2025-12-05,2025-12-31,27,,,,
4.2.1.3.2.1,            先期机检系统改造 1.00 套,,王妙燕,,进行中,2025-12-05,2025-12-31,27,,,,
4.2.1.3.2.1.1,              智能上锁机（ 套）,,,,逾期,,,,,,,
4.2.1.3.2.2,            行李传送带安装及改造 1.00 项,,王妙燕,,进行中,2025-12-05,2025-12-31,27,,,,
4.2.1.3.2.2.1,              光电开关（接线）（3 个）,,,杨智,逾期,,,,,,,
4.2.1.3.2.2.2,              反射板（3 块）,,,杨智,逾期,,,,,,,
4.2.1.3.2.2.3,              智能上锁机补件（1 套）,,,杨智,逾期,,,,,,,
4.2.1.3.2.3,            无源标签 2.00 盒,,王妙燕,,延期,2025-12-05,2025-12-31,27, ,,,
4.2.1.3.3,          智能行李拦截服务平台,,王妙燕,,进行中,2025-12-05,2025-12-31,27,,,,
4.2.1.3.3.1,            人脸识别系统软件 1.00 套,,王妙燕,,延期,2025-12-05,2025-12-31,27, ,,,
4.2.1.3.3.2,            人脸识别应用服务器 2.00 台,,王妙燕,,延期,2025-12-05,2025-12-31,27,甲方品牌库：华为、浪潮、联想注意事项：国产服务器，考虑国产中间件，国产数据库，国产操作系统等第三方软件,,,
4.2.1.3.3.3,            人脸识别数据库服务器 2.00 台,,王妙燕,,延期,2025-12-05,2025-12-31,27,甲方品牌库：华为、浪潮、联想注意事项：国产服务器，考虑国产中间件，国产数据库，国产操作系统等第三方软件,,,
4.2.1.3.3.4,            人脸识别算法服务器 2.00 台,,王妙燕,,延期,2025-12-05,2025-12-31,27,甲方品牌库：华为、浪潮、联想注意事项：国产服务器，考虑国产中间件，国产数据库，国产操作系统等第三方软件华为算法服务器参数：12*3.5inch盘位主机；标配2颗kunpeng 920-5220(32核-2.6GHz)；2*32G 内存；可支持16个内存插槽；标配4*GE以太网＋双口万兆；9540  RAID卡；1*4T SATA  硬盘，可支持配置12块3.5inch托架的SATA/SAS硬盘；4*Atlas300I duo；标配2个2000W交流电源；无DVD；l导轨；2U机架式。,,,
4.2.1.3.4,          集中审图系统升级,,王妙燕,,进行中,2025-12-05,2025-12-31,27,,,,
4.2.1.3.4.1,            判图工作站 6.00 台,,王妙燕,,延期,2025-12-05,2025-12-31,27,甲方品牌库：长城、华为、联想,,,
4.2.1.3.4.2,            集中审图升级 1.00 套,,王妙燕,,延期,2025-12-05,2025-12-31,27, ,,,
4.2.1.3.5,          信息发布系统,,王妙燕,,进行中,2025-12-05,2025-12-31,27,,,,
4.2.1.3.5.1,            国内转国际海关信息显示LED条屏 3.69 m²,,王妙燕,,延期,2025-12-05,2025-12-31,27, ,,,
4.2.1.3.5.2,            信息发布工作站 2.00 台,,王妙燕,,延期,2025-12-05,2025-12-31,27,甲方品牌库：长城、华为、联想,,,
4.2.1.3.5.3,            信息发布系统管理软件 1.00 套,,王妙燕,,延期,2025-12-05,2025-12-31,27, ,,,
4.2.1.3.6,          视频监控系统,,王妙燕,,进行中,2025-12-05,2025-12-31,27,,,,
4.2.1.3.6.1,            半球网络高清摄像机 21.00 台,,王妙燕,,延期,2025-12-05,2025-12-31,27,甲方品牌库：大华、海康威视、宇视,,,
4.2.1.3.6.2,            人脸识别半球摄像机 11.00 台,,王妙燕,,延期,2025-12-05,2025-12-31,27,甲方品牌库：大华、海康威视、宇视注意事项：招标要求为枪型人脸摄像机，与货物名称半球不一致,,,
4.2.1.3.6.3,            枪型网络高清摄像机 23.00 台,,王妙燕,,延期,2025-12-05,2025-12-31,27,甲方品牌库：大华、海康威视、宇视,,,
4.2.1.3.6.4,            智能球型摄像机 5.00 台,,王妙燕,,延期,2025-12-05,2025-12-31,27,甲方品牌库：大华、海康威视、宇视,,,
4.2.1.3.6.5,            拾音器 17.00 套,,王妙燕,,延期,2025-12-05,2025-12-31,27, ,,,
4.2.1.3.6.6,            拾音器电源 17.00 套,,王妙燕,,延期,2025-12-05,2025-12-31,27, ,,,
4.2.1.3.6.7,            网络存储设备 1.00 台,,王妙燕,,延期,2025-12-05,2025-12-31,27,甲方品牌库：大华、海康威视、宇视,,,
4.2.1.3.6.8,            光纤收发器 10.00 台,,王妙燕,,延期,2025-12-05,2025-12-31,27, ,,,
4.2.1.3.6.9,            4芯光缆（室内） 1480.00 m,,王妙燕,,延期,2025-12-05,2025-12-31,27,甲方品牌库：泛达、康宁、康普,,,
4.2.1.3.6.10,            配线RVV2*1.0mm2 1700.00 m,,王妙燕,,延期,2025-12-05,2025-12-31,27,甲方品牌库：德特威勒、耐克森、赛普,,,
4.2.1.3.6.11,            配线RYYP4*1.0mm2 360.00 m,,王妙燕,,延期,2025-12-05,2025-12-31,27,甲方品牌库：德特威勒、耐克森、赛普,,,
4.2.1.3.6.12,            六类非屏蔽双绞线 5000.00 m,,王妙燕,,进行中,2025-12-05,2025-12-31,27,,,,
4.2.1.3.6.12.1,              网线（16 箱）,,,杨智,逾期,,,,,,,
4.2.1.3.6.13,            配管KBG25 700.00 m,,王妙燕,,进行中,2025-12-05,2025-12-31,27,,,,
4.2.1.3.6.13.1,              金属圆管（700 米）,,,杨智,逾期,,,,,,,
4.2.1.3.6.14,            行李分拣区设备箱 1.00 台,,王妙燕,,延期,2025-12-05,2025-12-31,27,注意事项：设备箱需根据现场实际情况调整,,,
4.2.1.3.7,          综合布线系统,,王妙燕,,进行中,2025-12-05,2025-12-31,27,,,,
4.2.1.3.7.1,            信息模块（六类） 164.00 个,,王妙燕,,延期,2025-12-05,2025-12-31,27,甲方品牌库：泛达、康宁、康普,,,
4.2.1.3.7.2,            双口信息面板 94.00 个,,王妙燕,,延期,2025-12-05,2025-12-31,27,甲方品牌库：泛达、康宁、康普,,,
4.2.1.3.7.3,            信息模块（光纤） 24.00 个,,王妙燕,,延期,2025-12-05,2025-12-31,27, ,,,
4.2.1.3.7.4,            六类非屏蔽双绞线 7300.00 m,,王妙燕,,进行中,2025-12-05,2025-12-31,27,,,,
4.2.1.3.7.4.1,              网线（24 箱）,,,杨智,逾期,,,,,,,
4.2.1.3.7.5,            4芯光缆（室内） 2000.00 m,,王妙燕,,延期,2025-12-05,2025-12-31,27,甲方品牌库：泛达、康宁、康普,,,
4.2.1.3.7.6,            12芯光缆（室内） 2500.00 m,,王妙燕,,进行中,2025-12-05,2025-12-31,27,,,,
4.2.1.3.7.6.1,              12芯室内光缆（2500 米）,,,杨智,逾期,,,,,,,
4.2.1.3.7.7,            数据跳线（六类）3米 112.00 条,,王妙燕,,进行中,2025-12-05,2025-12-31,27,,,,
4.2.1.3.7.7.1,              网络跳线（112 条）,,,杨智,逾期,,,,,,,
4.2.1.3.7.8,            光纤跳线（单模）3米 30.00 条,,王妙燕,,进行中,2025-12-05,2025-12-31,27,,,,
4.2.1.3.7.8.1,              LC-LC光纤跳线（30 条）,,,杨智,逾期,,,,,,,
4.2.1.3.7.9,            光纤配线架（24口） 3.00 个,,王妙燕,,进行中,2025-12-05,2025-12-31,27,,,,
4.2.1.3.7.9.1,              光纤配线架（3 个）,,,杨智,逾期,,,,,,,
4.2.1.3.7.10,            数据配线架（六类） 14.00 个,,王妙燕,,进行中,2025-12-05,2025-12-31,27,,,,
4.2.1.3.7.10.1,              网络配线架（14 个）,,,杨智,逾期,,,,,,,
4.2.1.3.7.10.2,              理线器（14 个）,,,杨智,逾期,,,,,,,
4.2.1.3.7.11,            配管KBG20 4000.00 m,,王妙燕,,进行中,2025-12-05,2025-12-31,27,,,,
4.2.1.3.7.11.1,              金属圆管（4000 米）,,,杨智,逾期,,,,,,,
4.2.1.3.7.12,            桥架200*100 20.00 m,,王妙燕,,进行中,2025-12-05,2025-12-31,27,,,,
4.2.1.3.7.12.1,              镀锌桥架（20 米）,,,杨智,逾期,,,,,,,
4.2.1.3.7.13,            支架制作安装 48.00 kg,,王妙燕,,延期,2025-12-05,2025-12-31,27, ,,,
4.2.1.3.8,          计算机网络系统,,王妙燕,,进行中,2025-12-05,2025-12-31,27,,,,
4.2.1.3.8.1,            24口接入交换机 7.00 套,,王妙燕,,延期,2025-12-05,2025-12-31,27,甲方品牌库：浪潮、华三、华为,,,
4.2.1.3.8.2,            24口接入交换机（POE） 7.00 套,,王妙燕,,延期,2025-12-05,2025-12-31,27,甲方品牌库：浪潮、华三、华为,,,
4.2.1.3.9,          远程查验系统,,王妙燕,,进行中,2025-12-05,2025-12-31,27,,,,
4.2.1.3.9.1,            远程查验系统软件 1.00 套,,王妙燕,,延期,2025-12-05,2025-12-31,27, ,,,
4.2.1.3.9.2,            应用服务器 2.00 台,,王妙燕,,延期,2025-12-05,2025-12-31,27,甲方品牌库：华为、浪潮、联想注意事项：国产服务器，考虑国产中间件，国产数据库，国产操作系统等第三方软件,,,
4.2.1.3.9.3,            “中心”远程查验工作站 1.00 台,,王妙燕,,延期,2025-12-05,2025-12-31,27,甲方品牌库：长城、华为、联想,,,
4.2.1.3.10,          海关智能库管系统,,王妙燕,,进行中,2025-12-05,2025-12-31,27,,,,
4.2.1.3.10.1,            系统软件 1.00 套,,王妙燕,,延期,2025-12-05,2025-12-31,27, ,,,
4.2.1.3.10.2,            海关智能储物柜（主柜） 1.00 台,,王妙燕,,延期,2025-12-05,2025-12-31,27, ,,,
4.2.1.3.10.3,            海关智能储物柜（副柜） 1.00 台,,王妙燕,,延期,2025-12-05,2025-12-31,27,注意事项：我们的小柜数量是18个,,,
4.2.1.3.10.4,            普通货架 10.00 个,,王妙燕,,延期,2025-12-05,2025-12-31,27, ,,,
4.2.1.3.10.5,            系统应用服务器 2.00 台,,王妙燕,,延期,2025-12-05,2025-12-31,27,甲方品牌库：华为、浪潮、联想注意事项：国产服务器，考虑国产中间件，国产数据库，国产操作系统等第三方软件,,,
4.2.1.3.10.6,            二维码扫描仪 1.00 台,,王妙燕,,延期,2025-12-05,2025-12-31,27, ,,,
4.2.1.3.10.7,            条码打印机 1.00 台,,王妙燕,,延期,2025-12-05,2025-12-31,27, ,,,
4.2.1.3.10.8,            热敏纸 1.00 卷,,王妙燕,,延期,2025-12-05,2025-12-31,27, ,,,
4.2.1.3.10.9,            A4打印机 1.00 台,,王妙燕,,延期,2025-12-05,2025-12-31,27, ,,,
4.2.1.3.10.10,            业务工作站 1.00 台,,王妙燕,,延期,2025-12-05,2025-12-31,27,甲方品牌库：长城、华为、联想,,,
4.2.1.3.11,          智慧电讯检疫设备,,王妙燕,,进行中,2025-12-05,2025-12-31,27,,,,
4.2.1.3.11.1,            AR+测温智能眼镜 1.00 套,,王妙燕,,延期,2025-12-05,2025-12-31,27, ,,,
4.2.1.3.11.2,            智能远程监控终端 1.00 套,,王妙燕,,延期,2025-12-05,2025-12-31,27, ,,,
4.2.1.3.12,          卫检用房配套设施,,王妙燕,,进行中,2025-12-05,2025-12-31,27,,,,
4.2.1.3.12.1,            快拼采样室（拼装式采样间） 3.00 座,,王妙燕,,延期,2025-12-05,2025-12-31,27, ,,,
4.2.1.3.12.2,            半球网络高清摄像机 30.00 台,,王妙燕,,延期,2025-12-05,2025-12-31,27,甲方品牌库：大华、海康威视、宇视,,,
4.2.1.3.12.3,            信息模块（六类） 60.00 个,,王妙燕,,延期,2025-12-05,2025-12-31,27,甲方品牌库：泛达、康宁、康普,,,
4.2.1.3.12.4,            双口信息面板 15.00 个,,王妙燕,,延期,2025-12-05,2025-12-31,27,甲方品牌库：泛达、康宁、康普,,,
4.2.1.3.12.5,            隔离负压室设备箱 2.00 台,,王妙燕,,延期,2025-12-05,2025-12-31,27, ,,,
4.2.1.3.12.6,            门禁控制器 5.00 台,,王妙燕,,延期,2025-12-05,2025-12-31,27, ,,,
4.2.1.3.12.7,            双门电控锁 9.00 台,,王妙燕,,延期,2025-12-05,2025-12-31,27, ,,,
4.2.1.3.12.8,            读卡器 9.00 台,,王妙燕,,延期,2025-12-05,2025-12-31,27, ,,,
4.2.1.3.12.9,            开门按钮 9.00 台,,王妙燕,,延期,2025-12-05,2025-12-31,27, ,,,
4.2.1.3.12.10,            波破开关 9.00 台,,王妙燕,,延期,2025-12-05,2025-12-31,27, ,,,
4.2.1.3.13,          其他,,王妙燕,,进行中,2025-12-05,2025-12-31,27,,,,
4.2.1.3.13.1,            拆除 1.00 项,,王妙燕,,延期,2025-12-05,2025-12-31,27, ,,,
4.2.1.3.13.2,            信息系统等级保护 1.00 项,,王妙燕,,延期,2025-12-05,2025-12-31,27, ,,,
4.2.1.3.13.3,            系统整体调试 1.00 系统,,王妙燕,,延期,2025-12-05,2025-12-31,27, ,,,
4.2.1.4,        边检设施设备工程,,王妙燕,,进行中,2025-12-05,2025-12-31,27,,,,
4.2.1.4.1,          视频监控系统,,王妙燕,,进行中,2025-12-05,2025-12-31,27,,,,
4.2.1.4.1.1,            半球网络高清摄像机 23.00 台,,王妙燕,,延期,2025-12-05,2025-12-31,27,甲方品牌库：大华、海康威视、宇视,,,
4.2.1.4.1.2,            智能球型摄像机 6.00 台,,王妙燕,,延期,2025-12-05,2025-12-31,27,甲方品牌库：大华、海康威视、宇视,,,
4.2.1.4.1.3,            门禁控制器 1.00 台,,王妙燕,,延期,2025-12-05,2025-12-31,27, ,,,
4.2.1.4.1.4,            双门电控锁 2.00 台,,王妙燕,,延期,2025-12-05,2025-12-31,27, ,,,
4.2.1.4.1.5,            读卡器 2.00 台,,王妙燕,,延期,2025-12-05,2025-12-31,27, ,,,
4.2.1.4.1.6,            开门按钮 2.00 台,,王妙燕,,延期,2025-12-05,2025-12-31,27, ,,,
4.2.1.4.1.7,            波破开关 2.00 台,,王妙燕,,延期,2025-12-05,2025-12-31,27, ,,,
4.2.1.4.1.8,            网络存储设备 1.00 台,,王妙燕,,延期,2025-12-05,2025-12-31,27,甲方品牌库：大华、海康威视、宇视,,,
4.2.1.4.1.9,            配线RVV2*1.0mm2 1200.00 m,,王妙燕,,延期,2025-12-05,2025-12-31,27,甲方品牌库：德特威勒、耐克森、赛普,,,
4.2.1.4.1.10,            配线RYYP6*1.00mm2 1000.00 m,,王妙燕,,延期,2025-12-05,2025-12-31,27,甲方品牌库：德特威勒、耐克森、赛普,,,
4.2.1.4.1.11,            六类非屏蔽双绞线 5400.00 m,,王妙燕,,进行中,2025-12-05,2025-12-31,27,,,,
4.2.1.4.1.11.1,              网线（18 箱）,,,杨智,逾期,,,,,,,
4.2.1.4.1.12,            配管KBG20 700.00 m,,王妙燕,,进行中,2025-12-05,2025-12-31,27,,,,
4.2.1.4.1.12.1,              金属圆管（700 米）,,,杨智,逾期,,,,,,,
4.2.1.4.1.13,            配管KBG32 80.00 m,,王妙燕,,延期,2025-12-05,2025-12-31,27, ,,,
4.2.1.4.2,          综合布线系统,,王妙燕,,进行中,2025-12-05,2025-12-31,27,,,,
4.2.1.4.2.1,            信息模块（六类） 314.00 个,,王妙燕,,进行中,2025-12-05,2025-12-31,27,,,,
4.2.1.4.2.1.1,              网络模块（200 个）,,,杨智,逾期,,,,,,,
4.2.1.4.2.2,            双口信息面板 157.00 个,,王妙燕,,进行中,2025-12-05,2025-12-31,27,,,,
4.2.1.4.2.2.1,              网络面板（100 个）,,,杨智,逾期,,,,,,,
4.2.1.4.2.3,            六类非屏蔽双绞线 22000.00 m,,王妙燕,,进行中,2025-12-05,2025-12-31,27,,,,
4.2.1.4.2.3.1,              网线（72 箱）,,,杨智,逾期,,,,,,,
4.2.1.4.2.4,            48芯光缆（室内） 400.00 m,,王妙燕,,进行中,2025-12-05,2025-12-31,27,,,,
4.2.1.4.2.4.1,              48芯室内光缆（400 米）,,,杨智,逾期,,,,,,,
4.2.1.4.2.5,            12芯光缆（室内） 120.00 m,,王妙燕,,进行中,2025-12-05,2025-12-31,27,,,,
4.2.1.4.2.5.1,              12芯室内光缆（120 米）,,,杨智,逾期,,,,,,,
4.2.1.4.2.6,            设备网接入交换机 1.00 套,,王妙燕,,延期,2025-12-05,2025-12-31,27,甲方品牌库：浪潮、华三、华为,,,
4.2.1.4.2.7,            设备箱 1.00 台,,王妙燕,,延期,2025-12-05,2025-12-31,27, ,,,
4.2.1.4.2.8,            数据跳线（六类）3米 157.00 条,,王妙燕,,进行中,2025-12-05,2025-12-31,27,,,,
4.2.1.4.2.8.1,              网络跳线（157 条）,,,杨智,逾期,,,,,,,
4.2.1.4.2.9,            光纤跳线（单模）3米 26.00 条,,王妙燕,,进行中,2025-12-05,2025-12-31,27,,,,
4.2.1.4.2.9.1,              LC-LC光纤跳线（26 条）,,,杨智,逾期,,,,,,,
4.2.1.4.2.10,            光纤配线架（24口） 2.00 个,,王妙燕,,进行中,2025-12-05,2025-12-31,27,,,,
4.2.1.4.2.10.1,              光纤配线架（2 个）,,,杨智,逾期,,,,,,,
4.2.1.4.2.11,            数据配线架（六类） 14.00 个,,王妙燕,,进行中,2025-12-05,2025-12-31,27,,,,
4.2.1.4.2.11.1,              网络配线架（14 个）,,,杨智,逾期,,,,,,,
4.2.1.4.2.11.2,              理线器（14 个）,,,杨智,逾期,,,,,,,
4.2.1.4.2.12,            配管KBG20 2580.00 m,,王妙燕,,进行中,2025-12-05,2025-12-31,27,,,,
4.2.1.4.2.12.1,              金属圆管（2580 米）,,,杨智,逾期,,,,,,,
4.2.1.4.3,          计算机网络系统,,王妙燕,,进行中,2025-12-05,2025-12-31,27,,,,
4.2.1.4.3.1,            24口接入交换机 1.00 套,,王妙燕,,延期,2025-12-05,2025-12-31,27,甲方品牌库：浪潮、华三、华为,,,
4.2.1.4.3.2,            48口接入交换机 3.00 套,,王妙燕,,延期,2025-12-05,2025-12-31,27,甲方品牌库：浪潮、华三、华为,,,
4.2.1.4.3.3,            24口接入交换机（POE） 1.00 套,,王妙燕,,延期,2025-12-05,2025-12-31,27,甲方品牌库：浪潮、华三、华为,,,
4.2.1.4.3.4,            48口接入交换机(POE) 3.00 套,,王妙燕,,延期,2025-12-05,2025-12-31,27,甲方品牌库：浪潮、华三、华为,,,
4.2.1.4.4,          机房工程,,王妙燕,,进行中,2025-12-05,2025-12-31,27,,,,
4.2.1.4.4.1,            机柜800（W）*800（D）*2000（H）m 5.00 台,,王妙燕,,延期,2025-12-05,2025-12-31,27, ,,,
4.2.1.4.4.2,            接地母线（30*4紫铜带） 35.00 m,,王妙燕,,延期,2025-12-05,2025-12-31,27, ,,,
4.2.1.4.4.3,            接地母线（100*0.3铜箔） 77.00 m,,王妙燕,,延期,2025-12-05,2025-12-31,27, ,,,
4.2.1.4.4.4,            接地母线WDZB-RYJ(F)-6 17.00 m,,王妙燕,,延期,2025-12-05,2025-12-31,27, ,,,
4.2.1.4.4.5,            接地母线WDZB-RYJ(F)-16 17.00 m,,王妙燕,,延期,2025-12-05,2025-12-31,27, ,,,
4.2.1.4.4.6,            接地端子箱 1.00 台,,王妙燕,,延期,2025-12-05,2025-12-31,27, ,,,
4.2.1.4.4.7,            桥架200mm*100mm*2mm 22.00 m,,王妙燕,,进行中,2025-12-05,2025-12-31,27,,,,
4.2.1.4.4.7.1,              镀锌桥架（22 米）,,,杨智,逾期,,,,,,,
4.2.1.4.4.8,            支架制作安装 70.00 kg,,王妙燕,,延期,2025-12-05,2025-12-31,27, ,,,
4.2.1.4.4.9,            PDU 10.00 个,,王妙燕,,延期,2025-12-05,2025-12-31,27, ,,,
4.2.1.4.4.10,            配线RYY3*6mm2 360.00 m,,王妙燕,,延期,2025-12-05,2025-12-31,27,甲方品牌库：德特威勒、耐克森、赛普,,,
4.2.1.4.5,          其他,,王妙燕,,进行中,2025-12-05,2025-12-31,27,,,,
4.2.1.4.5.1,            拆除及安装 1.00 项,,王妙燕,,延期,2025-12-05,2025-12-31,27, ,,,
4.2.1.5,        卫检设备工程,,王妙燕,,进行中,2025-12-05,2025-12-31,27,,,,
4.2.1.5.1,          卫检设备,,王妙燕,,进行中,2025-12-05,2025-12-31,27,,,,
4.2.1.5.1.1,            操作台1 3.00 个,,王妙燕,,延期,2025-12-05,2025-12-31,27,原名称：办公桌,,,
4.2.1.5.1.2,            操作台1 4.00 个,,王妙燕,,延期,2025-12-05,2025-12-31,27,原名称：办公桌,,,
4.2.1.5.1.3,            操作台2 1.00 套,,王妙燕,,延期,2025-12-05,2025-12-31,27,原名称：小型会议桌,,,
4.2.1.5.1.4,            操作椅 4.00 台,,王妙燕,,延期,2025-12-05,2025-12-31,27,原名称：办公椅,,,
4.2.1.5.1.5,            负压隔离轮椅 2.00 台,,王妙燕,,延期,2025-12-05,2025-12-31,27, ,,,
4.2.1.5.1.6,            立柜 1.00 个,,王妙燕,,延期,2025-12-05,2025-12-31,27,原名称：衣柜,,,
4.2.1.5.1.7,            医用储物柜1 4.00 个,,王妙燕,,延期,2025-12-05,2025-12-31,27,原名称：文件柜,,,
4.2.1.5.1.8,            医用储物柜3 40.00 个,,王妙燕,,延期,2025-12-05,2025-12-31,27,原名称：双边两门更衣柜,,,
4.2.1.5.1.9,            医用储物柜2 15.00 台,,王妙燕,,延期,2025-12-05,2025-12-31,27, ,,,
4.2.1.5.1.10,            医用储物柜2 5.00 台,,王妙燕,,延期,2025-12-05,2025-12-31,27, ,,,
4.2.1.5.1.11,            生物安全移运箱 4.00 台,,王妙燕,,延期,2025-12-05,2025-12-31,27, ,,,
4.2.1.5.1.12,            生物安全柜 1.00 台,,王妙燕,,延期,2025-12-05,2025-12-31,27, ,,,
4.2.1.5.1.13,            工作站 16.00 台,,王妙燕,,延期,2025-12-05,2025-12-31,27,甲方品牌库：长城、华为、联想,,,
4.2.1.5.1.14,            医用储物架 9.00 个,,王妙燕,,延期,2025-12-05,2025-12-31,27, ,,,
4.2.1.5.1.15,            医用货架 6.00 个,,王妙燕,,延期,2025-12-05,2025-12-31,27, ,,,
4.2.1.5.1.16,            医疗垃圾桶 2.00 个,,王妙燕,,延期,2025-12-05,2025-12-31,27, ,,,
4.2.1.5.1.17,            医疗垃圾桶 4.00 个,,王妙燕,,延期,2025-12-05,2025-12-31,27, ,,,
4.2.1.5.1.18,            各类废弃物收集容器 3.00 个,,王妙燕,,延期,2025-12-05,2025-12-31,27, ,,,
4.2.1.5.1.19,            额温计 2.00 个,,王妙燕,,延期,2025-12-05,2025-12-31,27,参考链接：https://item.jd.com/100003406321.html#switch-sku,,,
4.2.1.5.1.20,            水银体温计 3.00 盒,,王妙燕,,延期,2025-12-05,2025-12-31,27,参考链接：https://item.jd.com/100193778318.html#switch-sku,,,
4.2.1.5.1.21,            电子血压计 1.00 台,,王妙燕,,延期,2025-12-05,2025-12-31,27,参考链接：https://item.jd.com/100012566566.html#switch-sku,,,
4.2.1.5.1.22,            医用电子血压计 4.00 台,,王妙燕,,延期,2025-12-05,2025-12-31,27,参考链接：https://item.jd.com/100014291983.html,,,
4.2.1.5.1.23,            医学检查工具包 1.00 套,,王妙燕,,延期,2025-12-05,2025-12-31,27, ,,,
4.2.1.5.1.24,            常用体格检查工具 2.00 套,,王妙燕,,延期,2025-12-05,2025-12-31,27, ,,,
4.2.1.5.1.25,            采样工具 1.00 套,,王妙燕,,延期,2025-12-05,2025-12-31,27, ,,,
4.2.1.5.1.26,            医疗急救箱 1.00 套,,王妙燕,,延期,2025-12-05,2025-12-31,27, ,,,
4.2.1.5.1.27,            生物安全采样、送样箱 1.00 套,,王妙燕,,延期,2025-12-05,2025-12-31,27, ,,,
4.2.1.5.1.28,            感应式手消毒器 6.00 台,,王妙燕,,延期,2025-12-05,2025-12-31,27,参考链接：https://item.jd.com/10096766877668.html#switch-sku,,,
4.2.1.5.1.29,            移动式紫外消毒车 2 台,,王妙燕,,延期,2025-12-05,2025-12-31,27,,,,
4.2.1.5.1.30,            消毒药械 4 套,,王妙燕,,延期,2025-12-05,2025-12-31,27,,,,
4.2.1.5.1.31,            医用检查灯 1 套,,王妙燕,,延期,2025-12-05,2025-12-31,27,,,,
4.2.1.5.1.32,            医用检查灯 1 套,,王妙燕,,延期,2025-12-05,2025-12-31,27,,,,
4.2.1.5.1.33,            人机共存型循环空气消毒机 6 台,,王妙燕,,延期,2025-12-05,2025-12-31,27,,,,
4.2.1.5.1.34,            背负电动喷雾器 1 台,,王妙燕,,延期,2025-12-05,2025-12-31,27,,,,
4.2.1.5.1.35,            自动喷雾消毒通道 2 套,,王妙燕,,延期,2025-12-05,2025-12-31,27,,,,
4.2.1.5.1.36,            打印机 8 台,,王妙燕,,延期,2025-12-05,2025-12-31,27,,,,
4.2.1.5.1.37,            智能条码打印机及配套设备 1 台,,王妙燕,,延期,2025-12-05,2025-12-31,27,,,,
4.2.1.5.1.38,            诊疗推车 1 个,,王妙燕,,延期,2025-12-05,2025-12-31,27,,,,
4.2.1.5.1.39,            诊疗推车 3 个,,王妙燕,,延期,2025-12-05,2025-12-31,27,,,,
4.2.1.5.1.40,            医用诊疗车 6 个,,王妙燕,,延期,2025-12-05,2025-12-31,27,,,,
4.2.1.5.1.41,            抢救推车 1 个,,王妙燕,,延期,2025-12-05,2025-12-31,27,,,,
4.2.1.5.1.42,            普通担架 1 套,,王妙燕,,延期,2025-12-05,2025-12-31,27,,,,
4.2.1.5.1.43,            采样操作台 1 个,,王妙燕,,延期,2025-12-05,2025-12-31,27,,,,
4.2.1.5.1.44,            钢木结构实验台 1 个,,王妙燕,,延期,2025-12-05,2025-12-31,27,,,,
4.2.1.5.1.45,            普通冰箱 1 台,,王妙燕,,延期,2025-12-05,2025-12-31,27,,,,
4.2.1.5.1.46,            普通冰箱 6 台,,王妙燕,,延期,2025-12-05,2025-12-31,27,,,,
4.2.1.5.1.47,            低温冰箱 1 台,,王妙燕,,延期,2025-12-05,2025-12-31,27,,,,
4.2.1.5.1.48,            超低温冰箱 1 台,,王妙燕,,延期,2025-12-05,2025-12-31,27,,,,
4.2.1.5.1.49,            高压灭菌锅 1 台,,王妙燕,,延期,2025-12-05,2025-12-31,27,,,,
4.2.1.5.1.50,            诊床 2 张,,王妙燕,,延期,2025-12-05,2025-12-31,27,,,,
4.2.1.5.1.51,            诊疗床 1 套,,王妙燕,,延期,2025-12-05,2025-12-31,27,,,,
4.2.1.5.1.52,            诊疗床 3 套,,王妙燕,,延期,2025-12-05,2025-12-31,27,,,,
4.2.1.5.1.53,            值班设施1 30 套,,王妙燕,,延期,2025-12-05,2025-12-31,27,,,,
4.2.1.5.1.54,            防护装备 2 套,,王妙燕,,延期,2025-12-05,2025-12-31,27,,,,
4.2.1.5.1.55,            信息展示大屏 1 台,,王妙燕,,延期,2025-12-05,2025-12-31,27,,,,
4.2.1.5.1.56,            负压隔离舱 1 座,,王妙燕,,延期,2025-12-05,2025-12-31,27,,,,
4.2.1.5.1.57,            负压隔离单元 1 座,,王妙燕,,延期,2025-12-05,2025-12-31,27,,,,
4.2.1.6,        土建工程,,王妙燕,,进行中,2025-12-05,2025-12-31,27,,,,
4.2.1.6.1,          装饰架,,王妙燕,,延期,2025-12-05,2025-12-31,27,,,,
4.2.1.6.2,          围护架构,,王妙燕,,进行中,2025-12-05,2025-12-22,18,,,,
4.2.1.6.2.1,            无机涂料柱墙面（S内1） 221.6 m2,,王妙燕,,延期,2025-12-05,2025-12-22,18,,,,
4.2.1.6.2.2,            600*600*35mm厚防静电架空地板（S楼4） 61.1 m2,,王妙燕,,延期,2025-12-05,2025-12-22,18,,,,
4.2.1.6.2.3,            地砖踢脚（F踢1、S踢1、G踢1） 5.54 m2,,王妙燕,,延期,2025-12-05,2025-12-22,18,,,,
4.2.1.6.2.4,            钢质甲级防火门 10.56 m2,,王妙燕,,延期,2025-12-05,2025-12-22,18,,,,
4.2.1.6.2.5,            板上开洞 5 个,,王妙燕,,延期,2025-12-05,2025-12-22,18,,,,
4.3,    自制产品生产及发到货（生产）,,谢佳友,陈涛,进行中,2025-12-05,2025-12-31,27,,,,
4.3.1,      重庆江北国际机场T3B 航站楼及第四跑道工程T3A 航站楼联检设施改造工程,,谢佳友,陈涛,进行中,2025-12-05,2025-12-31,27,,,,
4.3.1.1,        海关监管设施设备工程,,谢佳友,陈涛,进行中,2025-12-05,2025-12-31,27,,,,
4.3.1.1.1,          卫生检疫及行李查验,,谢佳友,陈涛,进行中,2025-12-05,2025-12-31,27,,,,
4.3.1.1.1.1,            “手提行李预检+红外测温”一体查验通道1 6.00 套,,谢佳友,陈涛,进行中,2025-12-05,2025-12-31,27,,,,
4.3.1.1.1.1.1,              核辐射检测系统（通道式）（6 套）,,谢佳友,陈涛,逾期,,,,,,,
4.3.1.1.1.1.2,              MVCM1011 V2红外成像测温仪（ 套）,,谢佳友,陈涛,逾期,,,,,,,
4.3.1.1.1.1.3,              MVCM1011 V2红外成像测温仪模组（ 台）,,谢佳友,陈涛,逾期,,,,,,,
4.3.1.1.1.1.4,              MVCUS1367-D(S)V3海关手提行李风险拦截通道（单通道）-右主边（3 套）,,谢佳友,陈涛,逾期,,,,,,,
4.3.1.1.1.1.5,              MVCUS1367-D(S)V3海关手提行李风险拦截通道（单通道）-左主边（3 套）,,谢佳友,陈涛,逾期,,,,,,,
4.3.1.1.1.1.6,              MVCUS1367-D海关手提行李风险拦截通道-中副边（3 套）,,谢佳友,陈涛,逾期,,,,,,,
4.3.1.1.1.1.7,              MVCM1011 V2红外成像测温仪模组（ 台）,,谢佳友,陈涛,逾期,,,,,,,
4.3.1.1.1.1.8,              核辐射检测系统（通道式）（ 套）,,谢佳友,陈涛,逾期,,,,,,,
4.3.1.1.1.1.9,              MVCM1022-065X射线检查系统（双视角）（6 套）,,谢佳友,陈涛,逾期,,,,,,,
4.3.1.1.1.1.10,              MVCM1022-065X射线检查系统（双视角）-包装木托（6 套）,,谢佳友,陈涛,逾期,,,,,,,
4.3.1.1.1.1.11,              工控机（6 台）,,谢佳友,陈涛,逾期,,,,,,,
4.3.1.1.1.1.12,              X光机结构件补件（1 套）,,谢佳友,陈涛,逾期,,,,,,,
4.3.1.1.1.1.13,              MVCM1011 V2红外成像测温仪（6 套）,,谢佳友,陈涛,逾期,,,,,,,
4.3.1.1.1.2,            “手提行李预检+红外测温”一体查验通道2 4.00 套,,谢佳友,陈涛,进行中,2025-12-05,2025-12-31,27,,,,
4.3.1.1.1.2.1,              MVCM1011 V2红外成像测温仪模组（ 台）,,谢佳友,陈涛,逾期,,,,,,,
4.3.1.1.1.2.2,              核辐射检测系统（通道式）（4 套）,,谢佳友,陈涛,逾期,,,,,,,
4.3.1.1.1.2.3,              MVCM1011 V2红外成像测温仪（ 套）,,谢佳友,陈涛,逾期,,,,,,,
4.3.1.1.1.2.4,              MVCM1011 V2红外成像测温仪（4 套）,,谢佳友,陈涛,逾期,,,,,,,
4.3.1.1.1.2.5,              MVCM1011 V2红外成像测温仪模组（ 台）,,谢佳友,陈涛,逾期,,,,,,,
4.3.1.1.1.2.6,              核辐射检测系统（通道式）（ 套）,,谢佳友,陈涛,逾期,,,,,,,
4.3.1.1.1.3,            海关申报自助终端（含申报信息校准容错功能） 4.00 台,,谢佳友,陈涛,延期,2025-12-05,2025-12-31,27, ,,,
4.3.1.1.1.4,            健康咨询台 1.00 套,,谢佳友,陈涛,延期,2025-12-05,2025-12-31,27, ,,,
4.3.1.1.1.5,            海关服务台 1.00 套,,谢佳友,陈涛,进行中,2025-12-05,2025-12-31,27,,,,
4.3.1.1.1.5.1,              MVCUS1310-A5海关查验申报台（1 套）,,谢佳友,陈涛,逾期,,,,,,,
4.3.1.1.1.6,            开包查验台 1.00 套,,谢佳友,陈涛,进行中,2025-12-05,2025-12-31,27,,,,
4.3.1.1.1.6.1,              MVCUS1320-A5海关行李开包查验台（1 台）,,谢佳友,陈涛,逾期,,,,,,,
4.3.1.1.1.6.2,              MVCUS1320-A5海关行李开包查验台-指示牌结构（1 套）,,谢佳友,陈涛,逾期,,,,,,,
4.3.1.1.1.6.3,              透明强力双面胶（6 张）,,谢佳友,陈涛,逾期,,,,,,,
4.3.1.1.1.7,            海关申报台 1.00 套,,谢佳友,陈涛,延期,2025-12-05,2025-12-31,27, ,,,
4.3.1.1.1.8,            填卡台 1.00 套,,谢佳友,陈涛,进行中,2025-12-05,2025-12-31,27,,,,
4.3.1.1.1.8.1,              MVCUS1321-C5海关专用填卡台（1 套）,,谢佳友,陈涛,逾期,,,,,,,
4.3.1.1.1.9,            海关自愿放弃物品投放箱 1.00 个,,谢佳友,陈涛,进行中,2025-12-05,2025-12-31,27,,,,
4.3.1.1.1.9.1,              MVCUS1330-B4海关自愿放弃物品投放箱（1 台）,,谢佳友,陈涛,逾期,,,,,,,
4.3.1.1.2,          入境托运行李先期机检系统,,谢佳友,陈涛,进行中,2025-12-05,2025-12-31,27,,,,
4.3.1.1.2.1,            行李查验X光机 1.00 台,,谢佳友,陈涛,进行中,2025-12-05,2025-12-31,27,,,,
4.3.1.1.2.1.1,              MVCM1022-100（双视角）X射线检测系统（1 套）,,谢佳友,陈涛,逾期,,,,,,,
4.3.1.1.2.1.2,              X光机操作台（1 套）,,谢佳友,陈涛,逾期,,,,,,,
4.3.1.1.2.1.3,              MVCM1022-100 （双视角）X光机木箱（ 套）,,谢佳友,陈涛,逾期,,,,,,,
4.3.1.1.2.1.4,              工控机（1 台）,,谢佳友,陈涛,逾期,,,,,,,
4.3.1.1.2.1.5,              MVCM1022-100 （双视角）X光机木托（ 套）,,谢佳友,陈涛,逾期,,,,,,,
4.3.1.1.2.2,            自动贴标机 1.00 套,,谢佳友,陈涛,进行中,2025-12-05,2025-12-31,27,,,,
4.3.1.1.2.2.1,              智能上锁机（1 套）,,谢佳友,陈涛,逾期,,,,,,,
4.3.1.1.3,          智能行李拦截服务平台,,谢佳友,陈涛,延期,2025-12-05,2025-12-31,27,,,,
4.3.1.1.4,          集中审图系统升级,,谢佳友,陈涛,延期,2025-12-05,2025-12-31,27,,,,
4.3.1.1.5,          信息发布系统,,谢佳友,陈涛,延期,2025-12-05,2025-12-31,27,,,,
4.3.1.1.6,          远程查验系统,,谢佳友,陈涛,进行中,2025-12-05,2025-12-31,27,,,,
4.3.1.1.6.1,            远程查验台 3.00 台,,谢佳友,陈涛,进行中,,,,,,,
4.3.1.1.6.1.1,              MVCUS1315-C 海关行李智能查验台（带翻译机）（3 套）,,谢佳友,陈涛,逾期,,,,,,,
4.3.1.1.6.1.2,              MVCUS1315-C 海关行李智能查验台-胶垫（ 件）,,谢佳友,陈涛,逾期,,,,,,,
4.3.1.2,        边检设施设备工程,,谢佳友,陈涛,延期,2025-12-05,2025-12-31,27,,,,
4.3.1.3,        卫检设备工程,,谢佳友,陈涛,进行中,2025-12-05,2025-12-31,27,,,,
4.3.1.3.1,          卫检设备,,谢佳友,陈涛,进行中,2025-12-05,2025-12-31,27,,,,
4.3.1.3.1.1,            智能流调设备 3.00 台,,谢佳友,陈涛,延期,2025-12-05,2025-12-31,27, ,,,
4.3.1.3.1.2,            证件阅读器 2 台,,谢佳友,陈涛,进行中,2025-12-05,2025-12-31,27,,,,
4.3.1.3.1.2.1,              证件阅读器（2 套）,,谢佳友,陈涛,逾期,,,,,,,
4.3.1.4,        土建工程,,谢佳友,陈涛,延期,2025-12-05,2025-12-31,27,,,,
5,  劳务准备,,彭高红,彭高红,逾期,2025-12-05,2025-12-10,6,,,,
5.1,    劳务工程量预估,,魏新建,彭高红,逾期,2025-12-05,2025-12-07,3,,,,
5.2,    劳务申请及合同签订,,魏新建,金慧慧,逾期,2025-12-05,2025-12-08,4,,,,
5.3,    进场施工手续办理,,彭高红,彭高红,逾期,2025-12-05,2025-12-10,6,,,,
,实施阶段,,彭高红,彭高红,进行中,2025-12-01,2025-12-31,31,,,,
6,  软件开发（开发）,,胡军会,董显浩,进行中,2025-12-01,2025-12-31,31,,,,
6.1,    重庆江北国际机场T3B 航站楼及第四跑道工程T3A 航站楼联检设施改造工程,,胡军会,董显浩,进行中,2025-12-01,2025-12-31,31,,,,
6.1.1,      海关监管设施设备工程,,胡军会,董显浩,进行中,2025-12-01,2025-12-31,31,,,,
6.1.1.1,        卫生检疫及行李查验,,胡军会,董显浩,进行中,2025-12-01,2025-12-31,31,,,,
6.1.1.1.1,          “手提行李预检+红外测温”一体查验通道1 6.00 套,,胡军会,董显浩,进行中,2025-12-01,2025-12-31,31,,,,
6.1.1.1.1.1,            核辐射检测系统（通道式）（6 套）,,,,逾期,,,,,,,
6.1.1.1.1.2,            MVCM1011 V2红外成像测温仪（ 套）,,,,逾期,,,,,,,
6.1.1.1.1.3,            MVCM1011 V2红外成像测温仪模组（ 台）,,,,逾期,,,,,,,
6.1.1.1.1.4,            MVCUS1367-D(S)V3海关手提行李风险拦截通道（单通道）-右主边（3 套）,,,,逾期,,,,,,,
6.1.1.1.1.5,            MVCUS1367-D(S)V3海关手提行李风险拦截通道（单通道）-左主边（3 套）,,,,逾期,,,,,,,
6.1.1.1.1.6,            MVCUS1367-D海关手提行李风险拦截通道-中副边（3 套）,,,,逾期,,,,,,,
6.1.1.1.1.7,            MVCM1011 V2红外成像测温仪模组（ 台）,,,,逾期,,,,,,,
6.1.1.1.1.8,            核辐射检测系统（通道式）（ 套）,,,,逾期,,,,,,,
6.1.1.1.1.9,            MVCM1022-065X射线检查系统（双视角）（6 套）,,,,逾期,,,,,,,
6.1.1.1.1.10,            MVCM1022-065X射线检查系统（双视角）-包装木托（6 套）,,,,逾期,,,,,,,
6.1.1.1.1.11,            工控机（6 台）,,,,逾期,,,,,,,
6.1.1.1.1.12,            X光机结构件补件（1 套）,,,,逾期,,,,,,,
6.1.1.1.1.13,            MVCM1011 V2红外成像测温仪（6 套）,,,,逾期,,,,,,,
6.1.1.1.2,          “手提行李预检+红外测温”一体查验通道2 4.00 套,,胡军会,董显浩,进行中,2025-12-01,2025-12-31,31,,,,
6.1.1.1.2.1,            MVCM1011 V2红外成像测温仪模组（ 台）,,,,逾期,,,,,,,
6.1.1.1.2.2,            核辐射检测系统（通道式）（4 套）,,,,逾期,,,,,,,
6.1.1.1.2.3,            MVCM1011 V2红外成像测温仪（ 套）,,,,逾期,,,,,,,
6.1.1.1.2.4,            MVCM1011 V2红外成像测温仪（4 套）,,,,逾期,,,,,,,
6.1.1.1.2.5,            MVCM1011 V2红外成像测温仪模组（ 台）,,,,逾期,,,,,,,
6.1.1.1.2.6,            核辐射检测系统（通道式）（ 套）,,,,逾期,,,,,,,
6.1.1.1.3,          海关智慧通关平台软件 1.00 套,,胡军会,董显浩,延期,2025-12-01,2025-12-31,31, ,,,
6.1.1.1.4,          海关申报自助终端（含申报信息校准容错功能） 4.00 台,,胡军会,董显浩,延期,2025-12-01,2025-12-31,31, ,,,
6.1.1.1.5,          健康咨询台 1.00 套,,胡军会,董显浩,延期,2025-12-01,2025-12-31,31, ,,,
6.1.1.1.6,          海关服务台 1.00 套,,胡军会,董显浩,进行中,2025-12-01,2025-12-31,31,,,,
6.1.1.1.6.1,            MVCUS1310-A5海关查验申报台（1 套）,,,,逾期,,,,,,,
6.1.1.1.7,          开包查验台 1.00 套,,胡军会,董显浩,进行中,2025-12-01,2025-12-31,31,,,,
6.1.1.1.7.1,            MVCUS1320-A5海关行李开包查验台（1 台）,,,,逾期,,,,,,,
6.1.1.1.7.2,            MVCUS1320-A5海关行李开包查验台-指示牌结构（1 套）,,,,逾期,,,,,,,
6.1.1.1.7.3,            透明强力双面胶（6 张）,,,,逾期,,,,,,,
6.1.1.1.8,          海关申报台 1.00 套,,胡军会,董显浩,延期,2025-12-01,2025-12-31,31, ,,,
6.1.1.1.9,          填卡台 1.00 套,,胡军会,董显浩,进行中,2025-12-01,2025-12-31,31,,,,
6.1.1.1.9.1,            MVCUS1321-C5海关专用填卡台（1 套）,,,,逾期,,,,,,,
6.1.1.1.10,          海关自愿放弃物品投放箱 1.00 个,,胡军会,董显浩,进行中,2025-12-01,2025-12-31,31,,,,
6.1.1.1.10.1,            MVCUS1330-B4海关自愿放弃物品投放箱（1 台）,,,,逾期,,,,,,,
6.1.1.2,        入境托运行李先期机检系统,,胡军会,董显浩,进行中,2025-12-01,2025-12-31,31,,,,
6.1.1.2.1,          先期机检系统改造 1.00 套,,,,进行中,,,,,,,
6.1.1.2.1.1,            智能上锁机（ 套）,,,,逾期,,,,,,,
6.1.1.2.2,          行李查验X光机 1.00 台,,,,进行中,,,,,,,
6.1.1.2.2.1,            MVCM1022-100（双视角）X射线检测系统（1 套）,,,,逾期,,,,,,,
6.1.1.2.2.2,            X光机操作台（1 套）,,,,逾期,,,,,,,
6.1.1.2.2.3,            MVCM1022-100 （双视角）X光机木箱（ 套）,,,,逾期,,,,,,,
6.1.1.2.2.4,            工控机（1 台）,,,,逾期,,,,,,,
6.1.1.2.2.5,            MVCM1022-100 （双视角）X光机木托（ 套）,,,,逾期,,,,,,,
6.1.1.2.3,          行李传送带安装及改造 1.00 项,,,,进行中,,,,,,,
6.1.1.2.3.1,            光电开关（接线）（3 个）,,,杨智,逾期,,,,,,,
6.1.1.2.3.2,            反射板（3 块）,,,杨智,逾期,,,,,,,
6.1.1.2.3.3,            智能上锁机补件（1 套）,,,杨智,逾期,,,,,,,
6.1.1.2.4,          自动贴标机 1.00 套,,,,进行中,,,,,,,
6.1.1.2.4.1,            智能上锁机（1 套）,,,,逾期,,,,,,,
6.1.1.3,        智能行李拦截服务平台,,胡军会,董显浩,进行中,2025-12-01,2025-12-31,31,,,,
6.1.1.3.1,          人脸识别系统软件 1.00 套,,,,逾期,,,, ,,,
6.1.1.4,        集中审图系统升级,,胡军会,董显浩,进行中,2025-12-01,2025-12-31,31,,,,
6.1.1.4.1,          集中审图升级 1.00 套,,,,逾期,,,, ,,,
6.1.1.5,        信息发布系统,,胡军会,董显浩,延期,2025-12-01,2025-12-31,31,,,,
6.1.1.6,        远程查验系统,,胡军会,董显浩,进行中,2025-12-01,2025-12-31,31,,,,
6.1.1.6.1,          远程查验系统软件 1.00 套,,胡军会,董显浩,延期,2025-12-01,2025-12-31,31, ,,,
6.1.1.6.2,          “中心”远程查验工作站 1.00 台,,胡军会,董显浩,延期,2025-12-01,2025-12-31,31,甲方品牌库：长城、华为、联想,,,
6.1.1.6.3,          远程查验台 3.00 台,,胡军会,董显浩,进行中,2025-12-01,2025-12-31,31,,,,
6.1.1.6.3.1,            MVCUS1315-C 海关行李智能查验台（带翻译机）（3 套）,,,,逾期,,,,,,,
6.1.1.6.3.2,            MVCUS1315-C 海关行李智能查验台-胶垫（ 件）,,,,逾期,,,,,,,
6.1.1.7,        海关智能库管系统,,胡军会,董显浩,进行中,2025-12-01,2025-12-31,31,,,,
6.1.1.7.1,          系统软件 1.00 套,,胡军会,董显浩,延期,2025-12-01,2025-12-31,31, ,,,
6.1.1.8,        其他,,胡军会,董显浩,进行中,2025-12-01,2025-12-31,31,,,,
6.1.1.8.1,          系统整体调试 1.00 系统,,胡军会,董显浩,延期,2025-12-01,2025-12-31,31, ,,,
6.1.2,      边检设施设备工程,,胡军会,董显浩,延期,2025-12-01,2025-12-31,31,,,,
6.1.3,      卫检设备工程,,胡军会,董显浩,进行中,2025-12-01,2025-12-31,31,,,,
6.1.3.1,        卫检设备,,胡军会,董显浩,进行中,2025-12-01,2025-12-31,31,,,,
6.1.3.1.1,          智能流调设备 3.00 台,,胡军会,董显浩,延期,2025-12-01,2025-12-31,31, ,,,
6.1.3.1.2,          证件阅读器 2 台,,胡军会,董显浩,进行中,2025-12-01,2025-12-31,31,,,,
6.1.3.1.2.1,            证件阅读器（2 套）,,,,逾期,,,,,,,
6.1.4,      土建工程,,胡军会,董显浩,延期,2025-12-01,2025-12-31,31,,,,
7,  现场施工及安装调试（施工）,,彭高红,彭高红,进行中,2025-12-01,2025-12-31,31,,,,
7.1,    重庆江北国际机场T3B 航站楼及第四跑道工程T3A 航站楼联检设施改造工程,,彭高红,彭高红,进行中,2025-12-01,2025-12-31,31,,,,
7.1.1,      电气工程,,彭高红,彭高红,进行中,2025-12-01,2025-12-26,26,,,,
7.1.1.1,        配电箱2-3nALEuL3e301 1.00 台,,彭高红,彭高红,延期,2025-12-01,2025-12-26,26, ,,,
7.1.1.2,        配电箱2-3nALEuL3e302 1.00 台,,彭高红,彭高红,延期,2025-12-01,2025-12-26,26, ,,,
7.1.1.3,        配电箱2-3nALEuL3e301.1 1.00 台,,彭高红,彭高红,延期,2025-12-01,2025-12-26,26, ,,,
7.1.1.4,        金属线槽200x50 315.26 m,,彭高红,彭高红,进行中,2025-12-01,2025-12-26,26,,,,
7.1.1.4.1,          热镀锌桥架（315 米）,,,杨智,逾期,,,,,,,
7.1.1.5,        支架制作安装 764.00 kg,,彭高红,彭高红,延期,2025-12-01,2025-12-26,26, ,,,
7.1.1.6,        配管SC80 100.00 m,,彭高红,彭高红,进行中,2025-12-01,2025-12-26,26,,,,
7.1.1.6.1,          金属圆管（100 米）,,,杨智,逾期,,,,,,,
7.1.1.7,        配管SC40 169.35 m,,彭高红,彭高红,进行中,2025-12-01,2025-12-26,26,,,,
7.1.1.7.1,          金属圆管（170 米）,,,杨智,逾期,,,,,,,
7.1.1.8,        配管SC20 862.40 m,,彭高红,彭高红,进行中,2025-12-01,2025-12-26,26,,,,
7.1.1.8.1,          镀锌钢管（862 米）,,,杨智,逾期,,,,,,,
7.1.1.9,        配管JDG20 73.43 m,,彭高红,彭高红,进行中,2025-12-01,2025-12-26,26,,,,
7.1.1.9.1,          金属镀锌穿线管（73 米）,,,杨智,逾期,,,,,,,
7.1.1.10,        配管JDG25 36.30 m,,彭高红,彭高红,进行中,2025-12-01,2025-12-26,26,,,,
7.1.1.10.1,          金属镀锌穿线管（36 米）,,,杨智,逾期,,,,,,,
7.1.1.11,        送配电装置系统调试1KV 4.00 系统,,彭高红,彭高红,延期,2025-12-01,2025-12-26,26, ,,,
7.1.1.12,        电力电缆WDZB1-YJY-0.6/1KV-4x95+1x50mm2 400.00 m,,彭高红,彭高红,延期,2025-12-01,2025-12-26,26,甲方品牌库：重庆泰山电缆有限公司、重庆鸽牌电线电缆有限公司、渝丰科技股份有限公司,,,
7.1.1.13,        电力电缆WDZB1-YJY-0.6/1KV-5*10mm2 20.00 m,,彭高红,彭高红,延期,2025-12-01,2025-12-26,26,甲方品牌库：重庆泰山电缆有限公司、重庆鸽牌电线电缆有限公司、渝丰科技股份有限公司,,,
7.1.1.14,        室内冷缩铜芯电缆头(截面积120mm2以下) 8.00 个,,彭高红,彭高红,延期,2025-12-01,2025-12-26,26, ,,,
7.1.1.15,        室内干包铜芯电缆头(截面积10mm2以下) 4.00 个,,彭高红,彭高红,延期,2025-12-01,2025-12-26,26, ,,,
7.1.1.16,        配线WDZB1-BYJ-25 150.81 m,,彭高红,彭高红,延期,2025-12-01,2025-12-26,26,甲方品牌库：重庆泰山电缆有限公司、重庆鸽牌电线电缆有限公司、渝丰科技股份有限公司,,,
7.1.1.17,        配线WDZB1-BYJ-16 75.41 m,,彭高红,彭高红,延期,2025-12-01,2025-12-26,26,甲方品牌库：重庆泰山电缆有限公司、重庆鸽牌电线电缆有限公司、渝丰科技股份有限公司,,,
7.1.1.18,        配线WDZB1-BYJ-10 725.95 m,,彭高红,彭高红,延期,2025-12-01,2025-12-26,26,甲方品牌库：重庆泰山电缆有限公司、重庆鸽牌电线电缆有限公司、渝丰科技股份有限公司,,,
7.1.1.19,        配线WDZB1-BYJ-6 2089.26 m,,彭高红,彭高红,延期,2025-12-01,2025-12-26,26,甲方品牌库：重庆泰山电缆有限公司、重庆鸽牌电线电缆有限公司、渝丰科技股份有限公司,,,
7.1.1.20,        配线WDZB1-BYJ-4 17549.47 m,,彭高红,彭高红,延期,2025-12-01,2025-12-26,26,甲方品牌库：重庆泰山电缆有限公司、重庆鸽牌电线电缆有限公司、渝丰科技股份有限公司,,,
7.1.1.21,        配线WDZB1-BYJ-2.5 739.88 m,,彭高红,彭高红,延期,2025-12-01,2025-12-26,26,甲方品牌库：重庆泰山电缆有限公司、重庆鸽牌电线电缆有限公司、渝丰科技股份有限公司,,,
7.1.1.22,        配线WDZB1-BYJ-1.5 739.88 m,,彭高红,彭高红,延期,2025-12-01,2025-12-26,26,甲方品牌库：重庆泰山电缆有限公司、重庆鸽牌电线电缆有限公司、渝丰科技股份有限公司,,,
7.1.1.23,        配线WDZC-BYJ-4 240.30 m,,彭高红,彭高红,延期,2025-12-01,2025-12-26,26,甲方品牌库：重庆泰山电缆有限公司、重庆鸽牌电线电缆有限公司、渝丰科技股份有限公司,,,
7.1.1.24,        暗装外接电源接线端子盒 3.00 个,,彭高红,彭高红,进行中,2025-12-01,2025-12-26,26,,,,
7.1.1.24.1,          机房装修工程（1 项）,,,杨智,逾期,,,,,,,
7.1.1.25,"        单相二极加三极插座250V,10A 55.00 个",,彭高红,彭高红,延期,2025-12-01,2025-12-26,26, ,,,
7.1.1.26,"        单联跷板开关250V,10A 2.00 个",,彭高红,彭高红,延期,2025-12-01,2025-12-26,26, ,,,
7.1.1.27,"        双联跷板开关250V,10A 1.00 个",,彭高红,彭高红,延期,2025-12-01,2025-12-26,26, ,,,
7.1.1.28,        LED一体化支架灯 8.00 套,,彭高红,彭高红,延期,2025-12-01,2025-12-26,26, ,,,
7.1.2,      空调工程,,彭高红,彭高红,进行中,2025-12-01,2025-12-31,31,,,,
7.1.2.1,        基站空调UAC5.0 2.00 台,,彭高红,彭高红,延期,2025-12-01,2025-12-31,31, ,,,
7.1.2.2,        基站空调UAC3.0 2.00 台,,彭高红,彭高红,延期,2025-12-01,2025-12-31,31, ,,,
7.1.3,      海关监管设施设备工程,,彭高红,彭高红,进行中,2025-12-01,2025-12-31,31,,,,
7.1.3.1,        卫生检疫及行李查验,,彭高红,彭高红,进行中,2025-12-01,2025-12-31,31,,,,
7.1.3.1.1,          “手提行李预检+红外测温”一体查验通道1 6.00 套,,彭高红,彭高红,进行中,2025-12-01,2025-12-31,31,,,,
7.1.3.1.1.1,            核辐射检测系统（通道式）（6 套）,,,,逾期,,,,,,,
7.1.3.1.1.2,            MVCM1011 V2红外成像测温仪（ 套）,,,,逾期,,,,,,,
7.1.3.1.1.3,            MVCM1011 V2红外成像测温仪模组（ 台）,,,,逾期,,,,,,,
7.1.3.1.1.4,            MVCUS1367-D(S)V3海关手提行李风险拦截通道（单通道）-右主边（3 套）,,,,逾期,,,,,,,
7.1.3.1.1.5,            MVCUS1367-D(S)V3海关手提行李风险拦截通道（单通道）-左主边（3 套）,,,,逾期,,,,,,,
7.1.3.1.1.6,            MVCUS1367-D海关手提行李风险拦截通道-中副边（3 套）,,,,逾期,,,,,,,
7.1.3.1.1.7,            MVCM1011 V2红外成像测温仪模组（ 台）,,,,逾期,,,,,,,
7.1.3.1.1.8,            核辐射检测系统（通道式）（ 套）,,,,逾期,,,,,,,
7.1.3.1.1.9,            MVCM1022-065X射线检查系统（双视角）（6 套）,,,,逾期,,,,,,,
7.1.3.1.1.10,            MVCM1022-065X射线检查系统（双视角）-包装木托（6 套）,,,,逾期,,,,,,,
7.1.3.1.1.11,            工控机（6 台）,,,,逾期,,,,,,,
7.1.3.1.1.12,            X光机结构件补件（1 套）,,,,逾期,,,,,,,
7.1.3.1.1.13,            MVCM1011 V2红外成像测温仪（6 套）,,,,逾期,,,,,,,
7.1.3.1.2,          “手提行李预检+红外测温”一体查验通道2 4.00 套,,彭高红,彭高红,进行中,2025-12-01,2025-12-31,31,,,,
7.1.3.1.2.1,            MVCM1011 V2红外成像测温仪模组（ 台）,,,,逾期,,,,,,,
7.1.3.1.2.2,            核辐射检测系统（通道式）（4 套）,,,,逾期,,,,,,,
7.1.3.1.2.3,            MVCM1011 V2红外成像测温仪（ 套）,,,,逾期,,,,,,,
7.1.3.1.2.4,            MVCM1011 V2红外成像测温仪（4 套）,,,,逾期,,,,,,,
7.1.3.1.2.5,            MVCM1011 V2红外成像测温仪模组（ 台）,,,,逾期,,,,,,,
7.1.3.1.2.6,            核辐射检测系统（通道式）（ 套）,,,,逾期,,,,,,,
7.1.3.1.3,          一体查验通道应用服务器 2.00 套,,彭高红,彭高红,延期,2025-12-01,2025-12-31,31,甲方品牌库：华为、浪潮、联想注意事项：国产服务器，考虑国产中间件，国产数据库，国产操作系统等第三方软件,,,
7.1.3.1.4,          海关智慧通关平台软件 1.00 套,,彭高红,彭高红,延期,2025-12-01,2025-12-31,31, ,,,
7.1.3.1.5,          红外NVR存储 1.00 套,,彭高红,彭高红,延期,2025-12-01,2025-12-31,31,甲方品牌库：大华、海康威视、华为,,,
7.1.3.1.6,          海关申报自助终端（含申报信息校准容错功能） 4.00 台,,彭高红,彭高红,延期,2025-12-01,2025-12-31,31, ,,,
7.1.3.1.7,          硬隔离 5.00 m,,彭高红,彭高红,延期,2025-12-01,2025-12-31,31, ,,,
7.1.3.1.8,          健康咨询台 1.00 套,,彭高红,彭高红,延期,2025-12-01,2025-12-31,31, ,,,
7.1.3.1.9,          海关服务台 1.00 套,,彭高红,彭高红,进行中,2025-12-01,2025-12-31,31,,,,
7.1.3.1.9.1,            MVCUS1310-A5海关查验申报台（1 套）,,,,逾期,,,,,,,
7.1.3.1.10,          开包查验台 1.00 套,,彭高红,彭高红,进行中,2025-12-01,2025-12-31,31,,,,
7.1.3.1.10.1,            MVCUS1320-A5海关行李开包查验台（1 台）,,,,逾期,,,,,,,
7.1.3.1.10.2,            MVCUS1320-A5海关行李开包查验台-指示牌结构（1 套）,,,,逾期,,,,,,,
7.1.3.1.10.3,            透明强力双面胶（6 张）,,,,逾期,,,,,,,
7.1.3.1.11,          海关申报台 1.00 套,,彭高红,彭高红,延期,2025-12-01,2025-12-31,31, ,,,
7.1.3.1.12,          查验工作站 2.00 台,,彭高红,彭高红,延期,2025-12-01,2025-12-31,31,甲方品牌库：长城、华为、联想,,,
7.1.3.1.13,          填卡台 1.00 套,,彭高红,彭高红,进行中,2025-12-01,2025-12-31,31,,,,
7.1.3.1.13.1,            MVCUS1321-C5海关专用填卡台（1 套）,,,,逾期,,,,,,,
7.1.3.1.14,          海关自愿放弃物品投放箱 1.00 个,,彭高红,彭高红,进行中,2025-12-01,2025-12-31,31,,,,
7.1.3.1.14.1,            MVCUS1330-B4海关自愿放弃物品投放箱（1 台）,,,,逾期,,,,,,,
7.1.3.2,        入境托运行李先期机检系统,,彭高红,彭高红,进行中,2025-12-01,2025-12-31,31,,,,
7.1.3.2.1,          先期机检系统改造 1.00 套,,彭高红,彭高红,进行中,2025-12-01,2025-12-31,31,,,,
7.1.3.2.1.1,            智能上锁机（ 套）,,,,逾期,,,,,,,
7.1.3.2.2,          行李查验X光机 1.00 台,,彭高红,彭高红,进行中,2025-12-01,2025-12-31,31,,,,
7.1.3.2.2.1,            MVCM1022-100（双视角）X射线检测系统（1 套）,,,,逾期,,,,,,,
7.1.3.2.2.2,            X光机操作台（1 套）,,,,逾期,,,,,,,
7.1.3.2.2.3,            MVCM1022-100 （双视角）X光机木箱（ 套）,,,,逾期,,,,,,,
7.1.3.2.2.4,            工控机（1 台）,,,,逾期,,,,,,,
7.1.3.2.2.5,            MVCM1022-100 （双视角）X光机木托（ 套）,,,,逾期,,,,,,,
7.1.3.2.3,          行李传送带安装及改造 1.00 项,,彭高红,彭高红,进行中,2025-12-01,2025-12-31,31,,,,
7.1.3.2.3.1,            光电开关（接线）（3 个）,,,杨智,逾期,,,,,,,
7.1.3.2.3.2,            反射板（3 块）,,,杨智,逾期,,,,,,,
7.1.3.2.3.3,            智能上锁机补件（1 套）,,,杨智,逾期,,,,,,,
7.1.3.2.4,          自动贴标机 1.00 套,,彭高红,彭高红,进行中,2025-12-01,2025-12-31,31,,,,
7.1.3.2.4.1,            智能上锁机（1 套）,,,,逾期,,,,,,,
7.1.3.2.5,          无源标签 2.00 盒,,彭高红,彭高红,延期,2025-12-01,2025-12-31,31, ,,,
7.1.3.3,        智能行李拦截服务平台,,彭高红,彭高红,进行中,2025-12-01,2025-12-31,31,,,,
7.1.3.3.1,          人脸识别系统软件 1.00 套,,彭高红,彭高红,延期,2025-12-01,2025-12-31,31, ,,,
7.1.3.3.2,          人脸识别应用服务器 2.00 台,,彭高红,彭高红,延期,2025-12-01,2025-12-31,31,甲方品牌库：华为、浪潮、联想注意事项：国产服务器，考虑国产中间件，国产数据库，国产操作系统等第三方软件,,,
7.1.3.3.3,          人脸识别数据库服务器 2.00 台,,彭高红,彭高红,延期,2025-12-01,2025-12-31,31,甲方品牌库：华为、浪潮、联想注意事项：国产服务器，考虑国产中间件，国产数据库，国产操作系统等第三方软件,,,
7.1.3.3.4,          人脸识别算法服务器 2.00 台,,彭高红,彭高红,延期,2025-12-01,2025-12-31,31,甲方品牌库：华为、浪潮、联想注意事项：国产服务器，考虑国产中间件，国产数据库，国产操作系统等第三方软件华为算法服务器参数：12*3.5inch盘位主机；标配2颗kunpeng 920-5220(32核-2.6GHz)；2*32G 内存；可支持16个内存插槽；标配4*GE以太网＋双口万兆；9540  RAID卡；1*4T SATA  硬盘，可支持配置12块3.5inch托架的SATA/SAS硬盘；4*Atlas300I duo；标配2个2000W交流电源；无DVD；l导轨；2U机架式。,,,
7.1.3.4,        集中审图系统升级,,彭高红,彭高红,进行中,2025-12-01,2025-12-31,31,,,,
7.1.3.4.1,          判图工作站 6.00 台,,彭高红,彭高红,延期,2025-12-01,2025-12-31,31,甲方品牌库：长城、华为、联想,,,
7.1.3.4.2,          集中审图升级 1.00 套,,彭高红,彭高红,延期,2025-12-01,2025-12-31,31, ,,,
7.1.3.5,        信息发布系统,,彭高红,彭高红,进行中,2025-12-01,2025-12-31,31,,,,
7.1.3.5.1,          国内转国际海关信息显示LED条屏 3.69 m²,,彭高红,彭高红,延期,2025-12-01,2025-12-31,31, ,,,
7.1.3.5.2,          信息发布工作站 2.00 台,,彭高红,彭高红,延期,2025-12-01,2025-12-31,31,甲方品牌库：长城、华为、联想,,,
7.1.3.5.3,          信息发布系统管理软件 1.00 套,,彭高红,彭高红,延期,2025-12-01,2025-12-31,31, ,,,
7.1.3.6,        视频监控系统,,彭高红,彭高红,进行中,2025-12-01,2025-12-31,31,,,,
7.1.3.6.1,          半球网络高清摄像机 21.00 台,,彭高红,彭高红,延期,2025-12-01,2025-12-31,31,甲方品牌库：大华、海康威视、宇视,,,
7.1.3.6.2,          人脸识别半球摄像机 11.00 台,,彭高红,彭高红,延期,2025-12-01,2025-12-31,31,甲方品牌库：大华、海康威视、宇视注意事项：招标要求为枪型人脸摄像机，与货物名称半球不一致,,,
7.1.3.6.3,          枪型网络高清摄像机 23.00 台,,彭高红,彭高红,延期,2025-12-01,2025-12-31,31,甲方品牌库：大华、海康威视、宇视,,,
7.1.3.6.4,          智能球型摄像机 5.00 台,,彭高红,彭高红,延期,2025-12-01,2025-12-31,31,甲方品牌库：大华、海康威视、宇视,,,
7.1.3.6.5,          拾音器 17.00 套,,彭高红,彭高红,延期,2025-12-01,2025-12-31,31, ,,,
7.1.3.6.6,          拾音器电源 17.00 套,,彭高红,彭高红,延期,2025-12-01,2025-12-31,31, ,,,
7.1.3.6.7,          网络存储设备 1.00 台,,彭高红,彭高红,延期,2025-12-01,2025-12-31,31,甲方品牌库：大华、海康威视、宇视,,,
7.1.3.6.8,          光纤收发器 10.00 台,,彭高红,彭高红,延期,2025-12-01,2025-12-31,31, ,,,
7.1.3.6.9,          4芯光缆（室内） 1480.00 m,,彭高红,彭高红,延期,2025-12-01,2025-12-31,31,甲方品牌库：泛达、康宁、康普,,,
7.1.3.6.10,          配线RVV2*1.0mm2 1700.00 m,,彭高红,彭高红,延期,2025-12-01,2025-12-31,31,甲方品牌库：德特威勒、耐克森、赛普,,,
7.1.3.6.11,          配线RYYP4*1.0mm2 360.00 m,,彭高红,彭高红,延期,2025-12-01,2025-12-31,31,甲方品牌库：德特威勒、耐克森、赛普,,,
7.1.3.6.12,          六类非屏蔽双绞线 5000.00 m,,彭高红,彭高红,进行中,2025-12-01,2025-12-31,31,,,,
7.1.3.6.12.1,            网线（16 箱）,,,杨智,逾期,,,,,,,
7.1.3.6.13,          配管KBG25 700.00 m,,彭高红,彭高红,进行中,2025-12-01,2025-12-31,31,,,,
7.1.3.6.13.1,            金属圆管（700 米）,,,杨智,逾期,,,,,,,
7.1.3.6.14,          行李分拣区设备箱 1.00 台,,彭高红,彭高红,延期,2025-12-01,2025-12-31,31,注意事项：设备箱需根据现场实际情况调整,,,
7.1.3.7,        综合布线系统,,彭高红,彭高红,进行中,2025-12-01,2025-12-31,31,,,,
7.1.3.7.1,          信息模块（六类） 164.00 个,,彭高红,彭高红,延期,2025-12-01,2025-12-31,31,甲方品牌库：泛达、康宁、康普,,,
7.1.3.7.2,          双口信息面板 94.00 个,,彭高红,彭高红,延期,2025-12-01,2025-12-31,31,甲方品牌库：泛达、康宁、康普,,,
7.1.3.7.3,          信息模块（光纤） 24.00 个,,彭高红,彭高红,延期,2025-12-01,2025-12-31,31, ,,,
7.1.3.7.4,          六类非屏蔽双绞线 7300.00 m,,彭高红,彭高红,进行中,2025-12-01,2025-12-31,31,,,,
7.1.3.7.4.1,            网线（24 箱）,,,杨智,逾期,,,,,,,
7.1.3.7.5,          4芯光缆（室内） 2000.00 m,,彭高红,彭高红,延期,2025-12-01,2025-12-31,31,甲方品牌库：泛达、康宁、康普,,,
7.1.3.7.6,          12芯光缆（室内） 2500.00 m,,彭高红,彭高红,进行中,2025-12-01,2025-12-31,31,,,,
7.1.3.7.6.1,            12芯室内光缆（2500 米）,,,杨智,逾期,,,,,,,
7.1.3.7.7,          数据跳线（六类）3米 112.00 条,,彭高红,彭高红,进行中,2025-12-01,2025-12-31,31,,,,
7.1.3.7.7.1,            网络跳线（112 条）,,,杨智,逾期,,,,,,,
7.1.3.7.8,          光纤跳线（单模）3米 30.00 条,,彭高红,彭高红,进行中,2025-12-01,2025-12-31,31,,,,
7.1.3.7.8.1,            LC-LC光纤跳线（30 条）,,,杨智,逾期,,,,,,,
7.1.3.7.9,          光纤配线架（24口） 3.00 个,,彭高红,彭高红,进行中,2025-12-01,2025-12-31,31,,,,
7.1.3.7.9.1,            光纤配线架（3 个）,,,杨智,逾期,,,,,,,
7.1.3.7.10,          数据配线架（六类） 14.00 个,,彭高红,彭高红,进行中,2025-12-01,2025-12-31,31,,,,
7.1.3.7.10.1,            网络配线架（14 个）,,,杨智,逾期,,,,,,,
7.1.3.7.10.2,            理线器（14 个）,,,杨智,逾期,,,,,,,
7.1.3.7.11,          配管KBG20 4000.00 m,,彭高红,彭高红,进行中,2025-12-01,2025-12-31,31,,,,
7.1.3.7.11.1,            金属圆管（4000 米）,,,杨智,逾期,,,,,,,
7.1.3.7.12,          桥架200*100 20.00 m,,彭高红,彭高红,进行中,2025-12-01,2025-12-31,31,,,,
7.1.3.7.12.1,            镀锌桥架（20 米）,,,杨智,逾期,,,,,,,
7.1.3.7.13,          支架制作安装 48.00 kg,,彭高红,彭高红,延期,2025-12-01,2025-12-31,31, ,,,
7.1.3.8,        计算机网络系统,,彭高红,彭高红,进行中,2025-12-01,2025-12-31,31,,,,
7.1.3.8.1,          24口接入交换机 7.00 套,,彭高红,彭高红,延期,2025-12-01,2025-12-31,31,甲方品牌库：浪潮、华三、华为,,,
7.1.3.8.2,          24口接入交换机（POE） 7.00 套,,彭高红,彭高红,延期,2025-12-01,2025-12-31,31,甲方品牌库：浪潮、华三、华为,,,
7.1.3.9,        远程查验系统,,彭高红,彭高红,进行中,2025-12-01,2025-12-31,31,,,,
7.1.3.9.1,          远程查验系统软件 1.00 套,,彭高红,彭高红,延期,2025-12-01,2025-12-31,31, ,,,
7.1.3.9.2,          应用服务器 2.00 台,,彭高红,彭高红,延期,2025-12-01,2025-12-31,31,甲方品牌库：华为、浪潮、联想注意事项：国产服务器，考虑国产中间件，国产数据库，国产操作系统等第三方软件,,,
7.1.3.9.3,          “中心”远程查验工作站 1.00 台,,彭高红,彭高红,延期,2025-12-01,2025-12-31,31,甲方品牌库：长城、华为、联想,,,
7.1.3.9.4,          远程查验台 3.00 台,,彭高红,彭高红,进行中,2025-12-01,2025-12-31,31,,,,
7.1.3.9.4.1,            MVCUS1315-C 海关行李智能查验台（带翻译机）（3 套）,,,,逾期,,,,,,,
7.1.3.9.4.2,            MVCUS1315-C 海关行李智能查验台-胶垫（ 件）,,,,逾期,,,,,,,
7.1.3.10,        海关智能库管系统,,彭高红,彭高红,进行中,2025-12-01,2025-12-31,31,,,,
7.1.3.10.1,          系统软件 1.00 套,,彭高红,彭高红,延期,2025-12-01,2025-12-31,31, ,,,
7.1.3.10.2,          海关智能储物柜（主柜） 1.00 台,,彭高红,彭高红,延期,2025-12-01,2025-12-31,31, ,,,
7.1.3.10.3,          海关智能储物柜（副柜） 1.00 台,,彭高红,彭高红,延期,2025-12-01,2025-12-31,31,注意事项：我们的小柜数量是18个,,,
7.1.3.10.4,          普通货架 10.00 个,,彭高红,彭高红,延期,2025-12-01,2025-12-31,31, ,,,
7.1.3.10.5,          系统应用服务器 2.00 台,,彭高红,彭高红,延期,2025-12-01,2025-12-31,31,甲方品牌库：华为、浪潮、联想注意事项：国产服务器，考虑国产中间件，国产数据库，国产操作系统等第三方软件,,,
7.1.3.10.6,          二维码扫描仪 1.00 台,,彭高红,彭高红,延期,2025-12-01,2025-12-31,31, ,,,
7.1.3.10.7,          条码打印机 1.00 台,,彭高红,彭高红,延期,2025-12-01,2025-12-31,31, ,,,
7.1.3.10.8,          热敏纸 1.00 卷,,彭高红,彭高红,延期,2025-12-01,2025-12-31,31, ,,,
7.1.3.10.9,          A4打印机 1.00 台,,彭高红,彭高红,延期,2025-12-01,2025-12-31,31, ,,,
7.1.3.10.10,          业务工作站 1.00 台,,彭高红,彭高红,延期,2025-12-01,2025-12-31,31,甲方品牌库：长城、华为、联想,,,
7.1.3.11,        智慧电讯检疫设备,,彭高红,彭高红,进行中,2025-12-01,2025-12-31,31,,,,
7.1.3.11.1,          AR+测温智能眼镜 1.00 套,,彭高红,彭高红,延期,2025-12-01,2025-12-31,31, ,,,
7.1.3.11.2,          智能远程监控终端 1.00 套,,彭高红,彭高红,延期,2025-12-01,2025-12-31,31, ,,,
7.1.3.12,        卫检用房配套设施,,彭高红,彭高红,进行中,2025-12-01,2025-12-31,31,,,,
7.1.3.12.1,          快拼采样室（拼装式采样间） 3.00 座,,彭高红,彭高红,延期,2025-12-01,2025-12-31,31, ,,,
7.1.3.12.2,          半球网络高清摄像机 30.00 台,,彭高红,彭高红,延期,2025-12-01,2025-12-31,31,甲方品牌库：大华、海康威视、宇视,,,
7.1.3.12.3,          信息模块（六类） 60.00 个,,彭高红,彭高红,延期,2025-12-01,2025-12-31,31,甲方品牌库：泛达、康宁、康普,,,
7.1.3.12.4,          双口信息面板 15.00 个,,彭高红,彭高红,延期,2025-12-01,2025-12-31,31,甲方品牌库：泛达、康宁、康普,,,
7.1.3.12.5,          隔离负压室设备箱 2.00 台,,彭高红,彭高红,延期,2025-12-01,2025-12-31,31, ,,,
7.1.3.12.6,          门禁控制器 5.00 台,,彭高红,彭高红,延期,2025-12-01,2025-12-31,31, ,,,
7.1.3.12.7,          双门电控锁 9.00 台,,彭高红,彭高红,延期,2025-12-01,2025-12-31,31, ,,,
7.1.3.12.8,          读卡器 9.00 台,,彭高红,彭高红,延期,2025-12-01,2025-12-31,31, ,,,
7.1.3.12.9,          开门按钮 9.00 台,,彭高红,彭高红,延期,2025-12-01,2025-12-31,31, ,,,
7.1.3.12.10,          波破开关 9.00 台,,彭高红,彭高红,延期,2025-12-01,2025-12-31,31, ,,,
7.1.3.13,        其他,,彭高红,彭高红,进行中,2025-12-01,2025-12-31,31,,,,
7.1.3.13.1,          拆除 1.00 项,,彭高红,彭高红,延期,2025-12-01,2025-12-31,31, ,,,
7.1.3.13.2,          信息系统等级保护 1.00 项,,彭高红,彭高红,延期,2025-12-01,2025-12-31,31, ,,,
7.1.3.13.3,          系统整体调试 1.00 系统,,彭高红,彭高红,延期,2025-12-01,2025-12-31,31, ,,,
7.1.4,      边检设施设备工程,,彭高红,彭高红,进行中,2025-12-01,2025-12-31,31,,,,
7.1.4.1,        视频监控系统,,彭高红,彭高红,进行中,2025-12-01,2025-12-31,31,,,,
7.1.4.1.1,          半球网络高清摄像机 23.00 台,,彭高红,彭高红,延期,2025-12-01,2025-12-31,31,甲方品牌库：大华、海康威视、宇视,,,
7.1.4.1.2,          智能球型摄像机 6.00 台,,彭高红,彭高红,延期,2025-12-01,2025-12-31,31,甲方品牌库：大华、海康威视、宇视,,,
7.1.4.1.3,          门禁控制器 1.00 台,,彭高红,彭高红,延期,2025-12-01,2025-12-31,31, ,,,
7.1.4.1.4,          双门电控锁 2.00 台,,彭高红,彭高红,延期,2025-12-01,2025-12-31,31, ,,,
7.1.4.1.5,          读卡器 2.00 台,,彭高红,彭高红,延期,2025-12-01,2025-12-31,31, ,,,
7.1.4.1.6,          开门按钮 2.00 台,,彭高红,彭高红,延期,2025-12-01,2025-12-31,31, ,,,
7.1.4.1.7,          波破开关 2.00 台,,彭高红,彭高红,延期,2025-12-01,2025-12-31,31, ,,,
7.1.4.1.8,          网络存储设备 1.00 台,,彭高红,彭高红,延期,2025-12-01,2025-12-31,31,甲方品牌库：大华、海康威视、宇视,,,
7.1.4.1.9,          配线RVV2*1.0mm2 1200.00 m,,彭高红,彭高红,延期,2025-12-01,2025-12-31,31,甲方品牌库：德特威勒、耐克森、赛普,,,
7.1.4.1.10,          配线RYYP6*1.00mm2 1000.00 m,,彭高红,彭高红,延期,2025-12-01,2025-12-31,31,甲方品牌库：德特威勒、耐克森、赛普,,,
7.1.4.1.11,          六类非屏蔽双绞线 5400.00 m,,彭高红,彭高红,进行中,2025-12-01,2025-12-31,31,,,,
7.1.4.1.11.1,            网线（18 箱）,,,杨智,逾期,,,,,,,
7.1.4.1.12,          配管KBG20 700.00 m,,彭高红,彭高红,进行中,2025-12-01,2025-12-31,31,,,,
7.1.4.1.12.1,            金属圆管（700 米）,,,杨智,逾期,,,,,,,
7.1.4.1.13,          配管KBG32 80.00 m,,彭高红,彭高红,延期,2025-12-01,2025-12-31,31, ,,,
7.1.4.2,        综合布线系统,,彭高红,彭高红,进行中,2025-12-01,2025-12-31,31,,,,
7.1.4.2.1,          信息模块（六类） 314.00 个,,彭高红,彭高红,进行中,2025-12-01,2025-12-31,31,,,,
7.1.4.2.1.1,            网络模块（200 个）,,,杨智,逾期,,,,,,,
7.1.4.2.2,          双口信息面板 157.00 个,,彭高红,彭高红,进行中,2025-12-01,2025-12-31,31,,,,
7.1.4.2.2.1,            网络面板（100 个）,,,杨智,逾期,,,,,,,
7.1.4.2.3,          六类非屏蔽双绞线 22000.00 m,,彭高红,彭高红,进行中,2025-12-01,2025-12-31,31,,,,
7.1.4.2.3.1,            网线（72 箱）,,,杨智,逾期,,,,,,,
7.1.4.2.4,          48芯光缆（室内） 400.00 m,,彭高红,彭高红,进行中,2025-12-01,2025-12-31,31,,,,
7.1.4.2.4.1,            48芯室内光缆（400 米）,,,杨智,逾期,,,,,,,
7.1.4.2.5,          12芯光缆（室内） 120.00 m,,彭高红,彭高红,进行中,2025-12-01,2025-12-31,31,,,,
7.1.4.2.5.1,            12芯室内光缆（120 米）,,,杨智,逾期,,,,,,,
7.1.4.2.6,          设备网接入交换机 1.00 套,,彭高红,彭高红,延期,2025-12-01,2025-12-31,31,甲方品牌库：浪潮、华三、华为,,,
7.1.4.2.7,          设备箱 1.00 台,,彭高红,彭高红,延期,2025-12-01,2025-12-31,31, ,,,
7.1.4.2.8,          数据跳线（六类）3米 157.00 条,,彭高红,彭高红,进行中,2025-12-01,2025-12-31,31,,,,
7.1.4.2.8.1,            网络跳线（157 条）,,,杨智,逾期,,,,,,,
7.1.4.2.9,          光纤跳线（单模）3米 26.00 条,,彭高红,彭高红,进行中,2025-12-01,2025-12-31,31,,,,
7.1.4.2.9.1,            LC-LC光纤跳线（26 条）,,,杨智,逾期,,,,,,,
7.1.4.2.10,          光纤配线架（24口） 2.00 个,,彭高红,彭高红,进行中,2025-12-01,2025-12-31,31,,,,
7.1.4.2.10.1,            光纤配线架（2 个）,,,杨智,逾期,,,,,,,
7.1.4.2.11,          数据配线架（六类） 14.00 个,,彭高红,彭高红,进行中,2025-12-01,2025-12-31,31,,,,
7.1.4.2.11.1,            网络配线架（14 个）,,,杨智,逾期,,,,,,,
7.1.4.2.11.2,            理线器（14 个）,,,杨智,逾期,,,,,,,
7.1.4.2.12,          配管KBG20 2580.00 m,,彭高红,彭高红,进行中,2025-12-01,2025-12-31,31,,,,
7.1.4.2.12.1,            金属圆管（2580 米）,,,杨智,逾期,,,,,,,
7.1.4.3,        计算机网络系统,,彭高红,彭高红,进行中,2025-12-01,2025-12-31,31,,,,
7.1.4.3.1,          24口接入交换机 1.00 套,,彭高红,彭高红,延期,2025-12-01,2025-12-31,31,甲方品牌库：浪潮、华三、华为,,,
7.1.4.3.2,          48口接入交换机 3.00 套,,彭高红,彭高红,延期,2025-12-01,2025-12-31,31,甲方品牌库：浪潮、华三、华为,,,
7.1.4.3.3,          24口接入交换机（POE） 1.00 套,,彭高红,彭高红,延期,2025-12-01,2025-12-31,31,甲方品牌库：浪潮、华三、华为,,,
7.1.4.3.4,          48口接入交换机(POE) 3.00 套,,彭高红,彭高红,延期,2025-12-01,2025-12-31,31,甲方品牌库：浪潮、华三、华为,,,
7.1.4.4,        机房工程,,彭高红,彭高红,进行中,2025-12-01,2025-12-31,31,,,,
7.1.4.4.1,          机柜800（W）*800（D）*2000（H）m 5.00 台,,彭高红,彭高红,延期,2025-12-01,2025-12-31,31, ,,,
7.1.4.4.2,          接地母线（30*4紫铜带） 35.00 m,,彭高红,彭高红,延期,2025-12-01,2025-12-31,31, ,,,
7.1.4.4.3,          接地母线（100*0.3铜箔） 77.00 m,,彭高红,彭高红,延期,2025-12-01,2025-12-31,31, ,,,
7.1.4.4.4,          接地母线WDZB-RYJ(F)-6 17.00 m,,彭高红,彭高红,延期,2025-12-01,2025-12-31,31, ,,,
7.1.4.4.5,          接地母线WDZB-RYJ(F)-16 17.00 m,,彭高红,彭高红,延期,2025-12-01,2025-12-31,31, ,,,
7.1.4.4.6,          接地端子箱 1.00 台,,彭高红,彭高红,延期,2025-12-01,2025-12-31,31, ,,,
7.1.4.4.7,          桥架200mm*100mm*2mm 22.00 m,,彭高红,彭高红,进行中,2025-12-01,2025-12-31,31,,,,
7.1.4.4.7.1,            镀锌桥架（22 米）,,,杨智,逾期,,,,,,,
7.1.4.4.8,          支架制作安装 70.00 kg,,彭高红,彭高红,延期,2025-12-01,2025-12-31,31, ,,,
7.1.4.4.9,          PDU 10.00 个,,彭高红,彭高红,延期,2025-12-01,2025-12-31,31, ,,,
7.1.4.4.10,          配线RYY3*6mm2 360.00 m,,彭高红,彭高红,延期,2025-12-01,2025-12-31,31,甲方品牌库：德特威勒、耐克森、赛普,,,
7.1.4.5,        其他,,彭高红,彭高红,进行中,2025-12-01,2025-12-31,31,,,,
7.1.4.5.1,          拆除及安装 1.00 项,,彭高红,彭高红,延期,2025-12-01,2025-12-31,31, ,,,
7.1.5,      安检设施设备工程,,,,进行中,,,,,,,
7.1.5.1,        视频监控系统,,,,进行中,,,,,,,
7.1.5.1.1,          人脸识别半球摄像机 10.00 台,,,,逾期,,,,甲方品牌库：大华、海康威视、宇视注意事项：招标要求为枪型人脸摄像机，与货物名称半球不一致,,,
7.1.5.1.2,          枪型网络高清摄像机 6.00 台,,,,逾期,,,,甲方品牌库：大华、海康威视、宇视,,,
7.1.5.1.3,          报警按钮 6.00 套,,,,逾期,,,, ,,,
7.1.5.1.4,          拾音器 8.00 套,,,,逾期,,,, ,,,
7.1.5.1.5,          拾音器电源 8.00 套,,,,逾期,,,, ,,,
7.1.5.1.6,          配线RVV2*1.0mm2 2200.00 m,,,,逾期,,,,甲方品牌库：德特威勒、耐克森、赛普,,,
7.1.5.1.7,          配线RYYP2*1.00mm2 2600.00 m,,,,逾期,,,,甲方品牌库：德特威勒、耐克森、赛普,,,
7.1.5.1.8,          六类非屏蔽双绞线 2450.00 m,,,,逾期,,,,甲方品牌库：泛达、康宁、康普,,,
7.1.5.1.9,          配管KBG20 300.00 m,,,,逾期,,,, ,,,
7.1.5.2,        综合布线系统,,,,进行中,,,,,,,
7.1.5.2.1,          信息模块（六类） 140.00 个,,,,逾期,,,,甲方品牌库：泛达、康宁、康普,,,
7.1.5.2.2,          双口信息面板 70.00 个,,,,逾期,,,,甲方品牌库：泛达、康宁、康普,,,
7.1.5.2.3,          六类非屏蔽双绞线 10000.00 m,,,,逾期,,,,甲方品牌库：泛达、康宁、康普,,,
7.1.5.2.4,          数据跳线（六类）3米 70.00 条,,,,逾期,,,,甲方品牌库：泛达、康宁、康普,,,
7.1.5.2.5,          数据配线架（六类） 7.00 个,,,,逾期,,,,甲方品牌库：泛达、康宁、康普,,,
7.1.5.2.6,          配管KBG20 1300.00 m,,,,逾期,,,, ,,,
7.1.6,      卫检设备工程,,彭高红,彭高红,进行中,2025-12-01,2025-12-31,31,,,,
7.1.6.1,        卫检设备,,彭高红,彭高红,进行中,2025-12-01,2025-12-31,31,,,,
7.1.6.1.1,          操作台1 3.00 个,,彭高红,彭高红,延期,2025-12-01,2025-12-31,31,原名称：办公桌,,,
7.1.6.1.2,          操作台1 4.00 个,,彭高红,彭高红,延期,2025-12-01,2025-12-31,31,原名称：办公桌,,,
7.1.6.1.3,          操作台2 1.00 套,,彭高红,彭高红,延期,2025-12-01,2025-12-31,31,原名称：小型会议桌,,,
7.1.6.1.4,          操作椅 4.00 台,,彭高红,彭高红,延期,2025-12-01,2025-12-31,31,原名称：办公椅,,,
7.1.6.1.5,          负压隔离轮椅 2.00 台,,彭高红,彭高红,延期,2025-12-01,2025-12-31,31, ,,,
7.1.6.1.6,          立柜 1.00 个,,彭高红,彭高红,延期,2025-12-01,2025-12-31,31,原名称：衣柜,,,
7.1.6.1.7,          医用储物柜1 4.00 个,,彭高红,彭高红,延期,2025-12-01,2025-12-31,31,原名称：文件柜,,,
7.1.6.1.8,          医用储物柜3 40.00 个,,彭高红,彭高红,延期,2025-12-01,2025-12-31,31,原名称：双边两门更衣柜,,,
7.1.6.1.9,          医用储物柜2 15.00 台,,彭高红,彭高红,延期,2025-12-01,2025-12-31,31, ,,,
7.1.6.1.10,          医用储物柜2 5.00 台,,彭高红,彭高红,延期,2025-12-01,2025-12-31,31, ,,,
7.1.6.1.11,          生物安全移运箱 4.00 台,,彭高红,彭高红,延期,2025-12-01,2025-12-31,31, ,,,
7.1.6.1.12,          生物安全柜 1.00 台,,彭高红,彭高红,延期,2025-12-01,2025-12-31,31, ,,,
7.1.6.1.13,          工作站 16.00 台,,彭高红,彭高红,延期,2025-12-01,2025-12-31,31,甲方品牌库：长城、华为、联想,,,
7.1.6.1.14,          医用储物架 9.00 个,,彭高红,彭高红,延期,2025-12-01,2025-12-31,31, ,,,
7.1.6.1.15,          医用货架 6.00 个,,彭高红,彭高红,延期,2025-12-01,2025-12-31,31, ,,,
7.1.6.1.16,          医疗垃圾桶 2.00 个,,彭高红,彭高红,延期,2025-12-01,2025-12-31,31, ,,,
7.1.6.1.17,          医疗垃圾桶 4.00 个,,彭高红,彭高红,延期,2025-12-01,2025-12-31,31, ,,,
7.1.6.1.18,          各类废弃物收集容器 3.00 个,,彭高红,彭高红,延期,2025-12-01,2025-12-31,31, ,,,
7.1.6.1.19,          智能流调设备 3.00 台,,彭高红,彭高红,延期,2025-12-01,2025-12-31,31, ,,,
7.1.6.1.20,          额温计 2.00 个,,彭高红,彭高红,延期,2025-12-01,2025-12-31,31,参考链接：https://item.jd.com/100003406321.html#switch-sku,,,
7.1.6.1.21,          水银体温计 3.00 盒,,彭高红,彭高红,延期,2025-12-01,2025-12-31,31,参考链接：https://item.jd.com/100193778318.html#switch-sku,,,
7.1.6.1.22,          电子血压计 1.00 台,,彭高红,彭高红,延期,2025-12-01,2025-12-31,31,参考链接：https://item.jd.com/100012566566.html#switch-sku,,,
7.1.6.1.23,          医用电子血压计 4.00 台,,彭高红,彭高红,延期,2025-12-01,2025-12-31,31,参考链接：https://item.jd.com/100014291983.html,,,
7.1.6.1.24,          医学检查工具包 1.00 套,,彭高红,彭高红,延期,2025-12-01,2025-12-31,31, ,,,
7.1.6.1.25,          常用体格检查工具 2.00 套,,彭高红,彭高红,延期,2025-12-01,2025-12-31,31, ,,,
7.1.6.1.26,          采样工具 1.00 套,,彭高红,彭高红,延期,2025-12-01,2025-12-31,31, ,,,
7.1.6.1.27,          医疗急救箱 1.00 套,,彭高红,彭高红,延期,2025-12-01,2025-12-31,31, ,,,
7.1.6.1.28,          生物安全采样、送样箱 1.00 套,,彭高红,彭高红,延期,2025-12-01,2025-12-31,31, ,,,
7.1.6.1.29,          感应式手消毒器 6.00 台,,彭高红,彭高红,延期,2025-12-01,2025-12-31,31,参考链接：https://item.jd.com/10096766877668.html#switch-sku,,,
7.1.6.1.30,          移动式紫外消毒车 2 台,,彭高红,彭高红,延期,2025-12-01,2025-12-31,31,,,,
7.1.6.1.31,          消毒药械 4 套,,彭高红,彭高红,延期,2025-12-01,2025-12-31,31,,,,
7.1.6.1.32,          医用检查灯 1 套,,彭高红,彭高红,延期,2025-12-01,2025-12-31,31,,,,
7.1.6.1.33,          医用检查灯 1 套,,彭高红,彭高红,延期,2025-12-01,2025-12-31,31,,,,
7.1.6.1.34,          人机共存型循环空气消毒机 6 台,,彭高红,彭高红,延期,2025-12-01,2025-12-31,31,,,,
7.1.6.1.35,          背负电动喷雾器 1 台,,彭高红,彭高红,延期,2025-12-01,2025-12-31,31,,,,
7.1.6.1.36,          自动喷雾消毒通道 2 套,,彭高红,彭高红,延期,2025-12-01,2025-12-31,31,,,,
7.1.6.1.37,          打印机 8 台,,彭高红,彭高红,延期,2025-12-01,2025-12-31,31,,,,
7.1.6.1.38,          智能条码打印机及配套设备 1 台,,彭高红,彭高红,延期,2025-12-01,2025-12-31,31,,,,
7.1.6.1.39,          诊疗推车 1 个,,彭高红,彭高红,延期,2025-12-01,2025-12-31,31,,,,
7.1.6.1.40,          诊疗推车 3 个,,彭高红,彭高红,延期,2025-12-01,2025-12-31,31,,,,
7.1.6.1.41,          医用诊疗车 6 个,,彭高红,彭高红,延期,2025-12-01,2025-12-31,31,,,,
7.1.6.1.42,          抢救推车 1 个,,彭高红,彭高红,延期,2025-12-01,2025-12-31,31,,,,
7.1.6.1.43,          普通担架 1 套,,彭高红,彭高红,延期,2025-12-01,2025-12-31,31,,,,
7.1.6.1.44,          采样操作台 1 个,,彭高红,彭高红,延期,2025-12-01,2025-12-31,31,,,,
7.1.6.1.45,          钢木结构实验台 1 个,,彭高红,彭高红,延期,2025-12-01,2025-12-31,31,,,,
7.1.6.1.46,          普通冰箱 1 台,,彭高红,彭高红,延期,2025-12-01,2025-12-31,31,,,,
7.1.6.1.47,          普通冰箱 6 台,,彭高红,彭高红,延期,2025-12-01,2025-12-31,31,,,,
7.1.6.1.48,          低温冰箱 1 台,,彭高红,彭高红,延期,2025-12-01,2025-12-31,31,,,,
7.1.6.1.49,          超低温冰箱 1 台,,彭高红,彭高红,延期,2025-12-01,2025-12-31,31,,,,
7.1.6.1.50,          高压灭菌锅 1 台,,彭高红,彭高红,延期,2025-12-01,2025-12-31,31,,,,
7.1.6.1.51,          诊床 2 张,,彭高红,彭高红,延期,2025-12-01,2025-12-31,31,,,,
7.1.6.1.52,          诊疗床 1 套,,彭高红,彭高红,延期,2025-12-01,2025-12-31,31,,,,
7.1.6.1.53,          诊疗床 3 套,,彭高红,彭高红,延期,2025-12-01,2025-12-31,31,,,,
7.1.6.1.54,          值班设施1 30 套,,彭高红,彭高红,延期,2025-12-01,2025-12-31,31,,,,
7.1.6.1.55,          证件阅读器 2 台,,彭高红,彭高红,进行中,2025-12-01,2025-12-31,31,,,,
7.1.6.1.55.1,            证件阅读器（2 套）,,,,逾期,,,,,,,
7.1.6.1.56,          防护装备 2 套,,彭高红,彭高红,延期,2025-12-01,2025-12-31,31,,,,
7.1.6.1.57,          信息展示大屏 1 台,,彭高红,彭高红,延期,2025-12-01,2025-12-31,31,,,,
7.1.6.1.58,          负压隔离舱 1 座,,彭高红,彭高红,延期,2025-12-01,2025-12-31,31,,,,
7.1.6.1.59,          负压隔离单元 1 座,,彭高红,彭高红,延期,2025-12-01,2025-12-31,31,,,,
7.1.7,      土建工程,,彭高红,彭高红,进行中,2025-12-01,2025-12-31,31,,,,
7.1.7.1,        装饰架,,彭高红,彭高红,进行中,2025-12-01,2025-12-31,31,,,,
7.1.7.1.1,          埋件 0.7 t,,彭高红,彭高红,延期,2025-12-01,2025-12-31,31,,,,
7.1.7.1.2,          钢柱 2.29 t,,彭高红,彭高红,延期,2025-12-01,2025-12-31,31,,,,
7.1.7.1.3,          钢梁 2.6720000000000002 t,,彭高红,彭高红,延期,2025-12-01,2025-12-31,31,,,,
7.1.7.1.4,          50*10*1.5mm厚铝合金造型网天棚 287.68 m2,,彭高红,彭高红,延期,2025-12-01,2025-12-31,31,,,,
7.1.7.2,        围护架构,,彭高红,彭高红,进行中,2025-12-01,2025-12-31,31,,,,
7.1.7.2.1,          600*600*15穿孔硅酸钙板吸声吊顶（S棚2） 61.1 m2,,彭高红,彭高红,延期,2025-12-01,2025-12-31,31,,,,
7.1.7.2.2,          无机涂料柱墙面（S内1） 221.6 m2,,彭高红,彭高红,延期,2025-12-01,2025-12-31,31,,,,
7.1.7.2.3,          600*600*35mm厚防静电架空地板（S楼4） 61.1 m2,,彭高红,彭高红,延期,2025-12-01,2025-12-31,31,,,,
7.1.7.2.4,          地砖踢脚（F踢1、S踢1、G踢1） 5.54 m2,,彭高红,彭高红,延期,2025-12-01,2025-12-31,31,,,,
7.1.7.2.5,          钢质甲级防火门 10.56 m2,,彭高红,彭高红,延期,2025-12-01,2025-12-31,31,,,,
7.1.7.2.6,          板上开洞 5 个,,彭高红,彭高红,延期,2025-12-01,2025-12-31,31,,,,
8,  项目部署联调,,彭高红,彭高红,延期,2025-12-01,2025-12-31,31,,,,
,收尾阶段,,彭高红,彭高红,进行中,2026-01-01,2026-03-31,90,,,,
9,  项目试运行,,彭高红,彭高红,未开始,2026-01-01,2026-03-01,60,,,,
9.1,    系统部署,,彭高红,彭高红,未开始,2026-01-01,2026-03-01,60,,,,
9.2,    功能测试,,彭高红,彭高红,未开始,2026-01-01,2026-03-01,60,,,,
9.3,    用户培训,,彭高红,彭高红,未开始,2026-01-01,2026-03-01,60,,,,
9.4,    验收准备,,彭高红,彭高红,未开始,2026-01-01,2026-03-01,60,,,,
10,  项目培训,,彭高红,彭高红,未开始,2026-01-01,2026-02-12,43,,,,
10.1,    项目软件产品培训,,彭高红,董显浩,未开始,2026-02-01,2026-02-12,12,,,,
10.2,    项目外购产品培训,,彭高红,彭高红,未开始,2026-02-01,2026-02-12,12,,,,
10.3,    项目自制产品培训,,彭高红,彭高红,未开始,2026-02-01,2026-02-12,12,,,,
11,  项目验收,,彭高红,彭高红,进行中,2026-03-01,2026-03-31,31,,,,
11.1,    劳务工程验收,,彭高红,彭高红,未开始,2026-03-01,2026-03-31,31,,,,
11.2,    现场竣工验收,,彭高红,彭高红,进行中,2026-03-01,2026-03-31,31,,,,
11.2.1,      预验收,,,,逾期,,,,,,,
11.2.2,      初验,,,,逾期,,,,,,,
11.2.3,      终验,,,,逾期,,,,,,,
11.3,    验收问题整改,,彭高红,彭高红,进行中,2026-03-01,2026-03-31,31,,,,
11.3.1,      问题清单确认,,,,逾期,,,,,,,
11.3.2,      整改方案制定,,,,逾期,,,,,,,
11.3.3,      整改实施,,,,逾期,,,,,,,
11.3.4,      整改复验,,,,逾期,,,,,,,
12,  项目移交归档,,彭高红,彭高红,未开始,2026-03-01,2026-03-31,31,,,,
12.1,    外部单位资料移交,,彭高红,彭高红,未开始,2026-03-01,2026-03-31,31,,,,
12.1.1,      产品使用手册,,彭高红,彭高红,未开始,2026-03-01,2026-03-31,31,,,,
12.1.2,      设备记录表,,彭高红,彭高红,未开始,2026-03-01,2026-03-31,31,,,,
12.1.3,      运行后维护对接方式,,彭高红,彭高红,未开始,2026-03-01,2026-03-31,31,,,,
12.2,    售后维护内部移交,,彭高红,彭高红,未开始,2026-03-01,2026-03-31,31,,,,
12.2.1,      竣工图纸,,彭高红,彭高红,未开始,2026-03-01,2026-03-31,31,,,,
12.2.2,      结算清单,,彭高红,彭高红,未开始,2026-03-01,2026-03-31,31,,,,
12.2.3,      设备记录表,,彭高红,彭高红,未开始,2026-03-01,2026-03-31,31,,,,
12.2.4,      运行期间客户联系对接人,,彭高红,彭高红,未开始,2026-03-01,2026-03-31,31,,,,
12.3,    公司资产内部移交,,彭高红,彭高红,未开始,2026-03-01,2026-03-31,31,,,,
,审计阶段,,彭高红,彭高红,未开始,2026-04-01,2026-04-30,30,,,,
13,  项目结算审计,,彭高红,彭高红,未开始,2026-04-01,2026-04-30,30,,,,
